Frame,Time,Cursor Position X,Cursor Position Y,Cursor Position Z,Cursor Velocity X,Cursor Velocity Y,Cursor Velocity Z
1,0,0,0,0,0,0,0
2,0.02,-0.09252038,-0.07201883,-0.0790023,0,0,0
3,0.0434172,-0.09252038,-0.07201883,-0.0790023,0,0,0
4,0.0551135,-0.09252038,-0.07201883,-0.0790023,0,0,0
5,0.0649473,-0.09252038,-0.07201883,-0.0790023,0,0,0
6,0.0711727,-0.09252038,-0.07201883,-0.0790023,0,0,0
7,0.0825586,-0.09252038,-0.07201883,-0.0790023,0,0,0
8,0.0905813,-0.09252038,-0.07201883,-0.0790023,0,0,0
9,0.096029,-0.09252038,-0.07201883,-0.0790023,0,0,0
10,0.1017627,-0.09252038,-0.07201883,-0.0790023,0,0,0
11,0.1076047,-0.09252038,-0.07201883,-0.0790023,0,0,0
12,0.1133687,-0.09252038,-0.07201883,-0.0790023,0,0,0
13,0.1182725,-0.09252038,-0.07201883,-0.0790023,0,0,0
14,0.1232569,-0.09252038,-0.07201883,-0.0790023,0,0,0
15,0.1286006,-0.09252038,-0.07201883,-0.0790023,0,0,0
16,0.1338732,-0.09252038,-0.07201883,-0.0790023,0,0,0
17,0.1394206,-0.09252038,-0.07201883,-0.0790023,0,0,0
18,0.1448585,-0.09252038,-0.07201883,-0.0790023,0,0,0
19,0.1512258,-0.09252038,-0.07201883,-0.0790023,0,0,0
20,0.157419,-0.09252038,-0.07201883,-0.0790023,0,0,0
21,0.1636608,-0.09252038,-0.07201883,-0.0790023,0,0,0
22,0.169885,-0.09252038,-0.07201883,-0.0790023,0,0,0
23,0.1757262,-0.09252038,-0.07201883,-0.0790023,0,0,0
24,0.181181,-0.09252038,-0.07201883,-0.0790023,0,0,0
25,0.1869128,-0.09252038,-0.07201883,-0.0790023,0,0,0
26,0.192329,-0.09252038,-0.07201883,-0.0790023,0,0,0
27,0.1976162,-0.09252038,-0.07201883,-0.0790023,0,0,0
28,0.2027125,-0.09252038,-0.07201883,-0.0790023,0,0,0
29,0.2085865,-0.09252038,-0.07201883,-0.0790023,0,0,0
30,0.2140193,-0.09252038,-0.07201883,-0.0790023,0,0,0
31,0.2191683,-0.09252038,-0.07201883,-0.0790023,0,0,0
32,0.2255003,-0.09252038,-0.07201883,-0.0790023,0,0,0
33,0.2309227,-0.09252038,-0.07201883,-0.0790023,0,0,0
34,0.2360294,-0.09252038,-0.07201883,-0.0790023,0,0,0
35,0.2484928,-0.09252038,-0.07201883,-0.0790023,0,0,0
36,0.2612071,-0.09252038,-0.07201883,-0.0790023,0,0,0
37,0.2666741,-0.09252038,-0.07201883,-0.0790023,0,0,0
38,0.2717368,-0.09252038,-0.07201883,-0.0790023,0,0,0
39,0.2791636,-0.09252038,-0.07201883,-0.0790023,0,0,0
40,0.2845767,-0.09252038,-0.07201883,-0.0790023,0,0,0
41,0.2902328,-0.09252038,-0.07201883,-0.0790023,0,0,0
42,0.3122211,-0.09256874,-0.0719648,-0.07903015,0,0,0
43,0.3178091,-0.09256874,-0.0719648,-0.07903015,0,0,0
44,0.3232021,-0.09256874,-0.0719648,-0.07903015,0,0,0
45,0.3292058,-0.09256874,-0.0719648,-0.07903015,0,0,0
46,0.3346788,-0.09256874,-0.0719648,-0.07903015,0,0,0
47,0.3400743,-0.09256874,-0.0719648,-0.07903015,0,0,0
48,0.3457316,-0.09256874,-0.0719648,-0.07903015,0,0,0
49,0.3518128,-0.09256874,-0.0719648,-0.07903015,0,0,0
50,0.3578943,-0.09256874,-0.0719648,-0.07903015,0,0,0
51,0.3633901,-0.09256874,-0.0719648,-0.07903015,0,0,0
52,0.3688252,-0.09256874,-0.0719648,-0.07903015,0,0,0
53,0.3745013,-0.09256874,-0.0719648,-0.07903015,0,0,0
54,0.3804133,-0.09256874,-0.0719648,-0.07903015,0,0,0
55,0.3865533,-0.09256874,-0.0719648,-0.07903015,0,0,0
56,0.3921954,-0.09256874,-0.0719648,-0.07903015,0,0,0
57,0.3982041,-0.09256874,-0.0719648,-0.07903015,0,0,0
58,0.4038295,-0.09256874,-0.0719648,-0.07903015,0,0,0
59,0.4101563,-0.09256874,-0.0719648,-0.07903015,0,0,0
60,0.4163129,-0.09256874,-0.0719648,-0.07903015,0,0,0
61,0.4227265,-0.09256874,-0.0719648,-0.07903015,0,0,0
62,0.4292946,-0.09256874,-0.0719648,-0.07903015,0,0,0
63,0.4350683,-0.09256874,-0.0719648,-0.07903015,0,0,0
64,0.4409014,-0.09256874,-0.0719648,-0.07903015,0,0,0
65,0.447728,-0.09256874,-0.0719648,-0.07903015,0,0,0
66,0.4530715,-0.09256874,-0.0719648,-0.07903015,0,0,0
67,0.4588971,-0.09256874,-0.0719648,-0.07903015,0,0,0
68,0.4645646,-0.09256874,-0.0719648,-0.07903015,0,0,0
69,0.4700858,-0.09256874,-0.0719648,-0.07903015,0,0,0
70,0.4762524,-0.09256874,-0.0719648,-0.07903015,0,0,0
71,0.4822255,-0.09256874,-0.0719648,-0.07903015,0,0,0
72,0.4893845,-0.09256874,-0.0719648,-0.07903015,0,0,0
73,0.4950338,-0.09256874,-0.0719648,-0.07903015,0,0,0
74,0.5005375,-0.09256874,-0.0719648,-0.07903015,0,0,0
75,0.5072155,-0.09256874,-0.0719648,-0.07903015,0,0,0
76,0.512714,-0.09256874,-0.0719648,-0.07903015,0,0,0
77,0.5181404,-0.09256874,-0.0719648,-0.07903015,0,0,0
78,0.5245525,-0.09256874,-0.0719648,-0.07903015,0,0,0
79,0.5302029,-0.09256874,-0.0719648,-0.07903015,0,0,0
80,0.5356641,-0.09256874,-0.0719648,-0.07903015,0,0,0
81,0.5411073,-0.09256874,-0.0719648,-0.07903015,0,0,0
82,0.5484985,-0.09256874,-0.0719648,-0.07903015,0,0,0
83,0.5539203,-0.09256874,-0.0719648,-0.07903015,0,0,0
84,0.5597354,-0.09256874,-0.0719648,-0.07903015,0,0,0
85,0.5652529,-0.09256874,-0.0719648,-0.07903015,0,0,0
86,0.5712501,-0.09256874,-0.0719648,-0.07903015,0,0,0
87,0.5767464,-0.09256874,-0.0719648,-0.07903015,0,0,0
88,0.5823532,-0.09256874,-0.0719648,-0.07903015,0,0,0
89,0.5884465,-0.09256874,-0.0719648,-0.07903015,0,0,0
90,0.594133,-0.09256874,-0.0719648,-0.07903015,0,0,0
91,0.5999259,-0.09256874,-0.0719648,-0.07903015,0,0,0
92,0.6053635,-0.09256874,-0.0719648,-0.07903015,0,0,0
93,0.6115082,-0.09256874,-0.0719648,-0.07903015,0,0,0
94,0.6168252,-0.09256874,-0.0719648,-0.07903015,0,0,0
95,0.6221895,-0.09256874,-0.0719648,-0.07903015,0,0,0
96,0.6285966,-0.09256874,-0.0719648,-0.07903015,0,0,0
97,0.6340178,-0.09256874,-0.0719648,-0.07903015,0,0,0
98,0.6397364,-0.09256874,-0.0719648,-0.07903015,0,0,0
99,0.6452581,-0.09256874,-0.0719648,-0.07903015,0,0,0
100,0.6512722,-0.09256874,-0.0719648,-0.07903015,0,0,0
101,0.6566902,-0.09256874,-0.0719648,-0.07903015,0,0,0
102,0.662294,-0.09256874,-0.0719648,-0.07903015,0,0,0
103,0.6678747,-0.09256874,-0.0719648,-0.07903015,0,0,0
104,0.6736176,-0.09256874,-0.0719648,-0.07903015,0,0,0
105,0.6790798,-0.09256874,-0.0719648,-0.07903015,0,0,0
106,0.6843088,-0.09256874,-0.0719648,-0.07903015,0,0,0
107,0.690317,-0.09256874,-0.0719648,-0.07903015,0,0,0
108,0.6964954,-0.09256874,-0.0719648,-0.07903015,0,0,0
109,0.7019562,-0.09256874,-0.0719648,-0.07903015,0,0,0
110,0.7138501,-0.09256874,-0.0719648,-0.07903015,0,0,0
111,0.7243738,-0.09256874,-0.0719648,-0.07903015,0,0,0
112,0.7346363,-0.09256874,-0.0719648,-0.07903015,0,0,0
113,0.7467009,-0.09256874,-0.0719648,-0.07903015,0,0,0
114,0.7521866,-0.09256874,-0.0719648,-0.07903015,0,0,0
115,0.7578186,-0.09256874,-0.0719648,-0.07903015,0,0,0
116,0.7632862,-0.09256874,-0.0719648,-0.07903015,0,0,0
117,0.7686822,-0.09256874,-0.0719648,-0.07903015,0,0,0
118,0.7740868,-0.09256874,-0.0719648,-0.07903015,0,0,0
119,0.7796261,-0.09256874,-0.0719648,-0.07903015,0,0,0
120,0.7848789,-0.09256874,-0.0719648,-0.07903015,0,0,0
121,0.790586,-0.09256874,-0.0719648,-0.07903015,0,0,0
122,0.7960004,-0.09256874,-0.0719648,-0.07903015,0,0,0
123,0.8012143,-0.09256874,-0.0719648,-0.07903015,0,0,0
124,0.8067577,-0.09256874,-0.0719648,-0.07903015,0,0,0
125,0.8129084,-0.09256874,-0.0719648,-0.07903015,0,0,0
126,0.8181739,-0.09256874,-0.0719648,-0.07903015,0,0,0
127,0.8235952,-0.09256874,-0.0719648,-0.07903015,0,0,0
128,0.8291348,-0.09256874,-0.0719648,-0.07903015,0,0,0
129,0.8343683,-0.09256874,-0.0719648,-0.07903015,0,0,0
130,0.8399017,-0.09256874,-0.0719648,-0.07903015,0,0,0
131,0.8457488,-0.09256874,-0.0719648,-0.07903015,0,0,0
132,0.850988,-0.09256874,-0.0719648,-0.07903015,0,0,0
133,0.8572085,-0.09256874,-0.0719648,-0.07903015,0,0,0
134,0.8630726,-0.09256874,-0.0719648,-0.07903015,0,0,0
135,0.8677769,-0.09256874,-0.0719648,-0.07903015,0,0,0
136,0.8722961,-0.09256874,-0.0719648,-0.07903015,0,0,0
137,0.8771534,-0.09256874,-0.0719648,-0.07903015,0,0,0
138,0.8815337,-0.09256874,-0.0719648,-0.07903015,0,0,0
139,0.8859064,-0.09256874,-0.0719648,-0.07903015,0,0,0
140,0.8903875,-0.09256874,-0.0719648,-0.07903015,0,0,0
141,0.8949759,-0.09256874,-0.0719648,-0.07903015,0,0,0
142,0.8992299,-0.09256874,-0.0719648,-0.07903015,0,0,0
143,0.9036779,-0.09256874,-0.0719648,-0.07903015,0,0,0
144,0.9086807,-0.09256874,-0.0719648,-0.07903015,0,0,0
145,0.9128133,-0.09256874,-0.0719648,-0.07903015,0,0,0
146,0.9171024,-0.09256874,-0.0719648,-0.07903015,0,0,0
147,0.9213927,-0.09256874,-0.0719648,-0.07903015,0,0,0
148,0.9262648,-0.09256874,-0.0719648,-0.07903015,0,0,0
149,0.9306865,-0.09256874,-0.0719648,-0.07903015,0,0,0
150,0.934899,-0.09256874,-0.0719648,-0.07903015,0,0,0
151,0.9392823,-0.09256874,-0.0719648,-0.07903015,0,0,0
152,0.9438869,-0.09256874,-0.0719648,-0.07903015,0,0,0
153,0.9483986,-0.09256874,-0.0719648,-0.07903015,0,0,0
154,0.9525764,-0.09256874,-0.0719648,-0.07903015,0,0,0
155,0.9575471,-0.09256874,-0.0719648,-0.07903015,0,0,0
156,0.9619951,-0.09256874,-0.0719648,-0.07903015,0,0,0
157,0.9664101,-0.09256874,-0.0719648,-0.07903015,0,0,0
158,0.9705194,-0.09256874,-0.0719648,-0.07903015,0,0,0
159,0.9755583,-0.09256874,-0.0719648,-0.07903015,0,0,0
160,0.9803616,-0.09256874,-0.0719648,-0.07903015,0,0,0
161,0.9852883,-0.09256874,-0.0719648,-0.07903015,0,0,0
162,0.9904669,-0.09256874,-0.0719648,-0.07903015,0,0,0
163,0.9992095,-0.09256874,-0.0719648,-0.07903015,0,0,0
164,1.004074,-0.09256874,-0.0719648,-0.07903015,0,0,0
165,1.009408,-0.09256874,-0.0719648,-0.07903015,0,0,0
166,1.01445,-0.09256874,-0.0719648,-0.07903015,0,0,0
167,1.019053,-0.09256874,-0.0719648,-0.07903015,0,0,0
168,1.023556,-0.09256874,-0.0719648,-0.07903015,0,0,0
169,1.028305,-0.09256874,-0.0719648,-0.07903015,0,0,0
170,1.032519,-0.09256874,-0.0719648,-0.07903015,0,0,0
171,1.036494,-0.09256874,-0.0719648,-0.07903015,0,0,0
172,1.041194,-0.09256874,-0.0719648,-0.07903015,0,0,0
173,1.047114,-0.09256874,-0.0719648,-0.07903015,0,0,0
174,1.051127,-0.09256874,-0.0719648,-0.07903015,0,0,0
175,1.055547,-0.09256874,-0.0719648,-0.07903015,0,0,0
176,1.059925,-0.09256874,-0.0719648,-0.07903015,0,0,0
177,1.06401,-0.09256874,-0.0719648,-0.07903015,0,0,0
178,1.068206,-0.09256874,-0.0719648,-0.07903015,0,0,0
179,1.0729,-0.09256874,-0.0719648,-0.07903015,0,0,0
180,1.077073,-0.09256874,-0.0719648,-0.07903015,0,0,0
181,1.08114,-0.09256874,-0.0719648,-0.07903015,0,0,0
182,1.085294,-0.09256874,-0.0719648,-0.07903015,0,0,0
183,1.089741,-0.09256874,-0.0719648,-0.07903015,0,0,0
184,1.094174,-0.09256874,-0.0719648,-0.07903015,0,0,0
185,1.098286,-0.09256874,-0.0719648,-0.07903015,0,0,0
186,1.1026,-0.09256874,-0.0719648,-0.07903015,0,0,0
187,1.107293,-0.09256874,-0.0719648,-0.07903015,0,0,0
188,1.111496,-0.09256874,-0.0719648,-0.07903015,0,0,0
189,1.115654,-0.09256874,-0.0719648,-0.07903015,0,0,0
190,1.119721,-0.09256874,-0.0719648,-0.07903015,0,0,0
191,1.12413,-0.09256874,-0.0719648,-0.07903015,0,0,0
192,1.128327,-0.09256874,-0.0719648,-0.07903015,0,0,0
193,1.132373,-0.09256874,-0.0719648,-0.07903015,0,0,0
194,1.13646,-0.09256874,-0.0719648,-0.07903015,0,0,0
195,1.141073,-0.09256874,-0.0719648,-0.07903015,0,0,0
196,1.145296,-0.09256874,-0.0719648,-0.07903015,0,0,0
197,1.149382,-0.09256874,-0.0719648,-0.07903015,0,0,0
198,1.153362,-0.09256874,-0.0719648,-0.07903015,0,0,0
199,1.157871,-0.09256874,-0.0719648,-0.07903015,0,0,0
200,1.162099,-0.09256874,-0.0719648,-0.07903015,0,0,0
201,1.166307,-0.09256874,-0.0719648,-0.07903015,0,0,0
202,1.170309,-0.09256874,-0.0719648,-0.07903015,0,0,0
203,1.175059,-0.09256874,-0.0719648,-0.07903015,0,0,0
204,1.179242,-0.09256874,-0.0719648,-0.07903015,0,0,0
205,1.183281,-0.09256874,-0.0719648,-0.07903015,0,0,0
206,1.187405,-0.09256874,-0.0719648,-0.07903015,0,0,0
207,1.191591,-0.09256874,-0.0719648,-0.07903015,0,0,0
208,1.195723,-0.09256874,-0.0719648,-0.07903015,0,0,0
209,1.199743,-0.09256874,-0.0719648,-0.07903015,0,0,0
210,1.203916,-0.09256874,-0.0719648,-0.07903015,0,0,0
211,1.208579,-0.09256874,-0.0719648,-0.07903015,0,0,0
212,1.21283,-0.09256874,-0.0719648,-0.07903015,0,0,0
213,1.217044,-0.09256874,-0.0719648,-0.07903015,0,0,0
214,1.220921,-0.09256874,-0.0719648,-0.07903015,0,0,0
215,1.225811,-0.09256874,-0.0719648,-0.07903015,0,0,0
216,1.229936,-0.09256874,-0.0719648,-0.07903015,0,0,0
217,1.23408,-0.09256874,-0.0719648,-0.07903015,0,0,0
218,1.238623,-0.09256874,-0.0719648,-0.07903015,0,0,0
219,1.243177,-0.09256874,-0.0719648,-0.07903015,0,0,0
220,1.247475,-0.09256874,-0.0719648,-0.07903015,0,0,0
221,1.251425,-0.09256874,-0.0719648,-0.07903015,0,0,0
222,1.255621,-0.09256874,-0.0719648,-0.07903015,0,0,0
223,1.260006,-0.09256874,-0.0719648,-0.07903015,0,0,0
224,1.264082,-0.09256874,-0.0719648,-0.07903015,0,0,0
225,1.268294,-0.09256874,-0.0719648,-0.07903015,0,0,0
226,1.272579,-0.09256874,-0.0719648,-0.07903015,0,0,0
227,1.276794,-0.09256874,-0.0719648,-0.07903015,0,0,0
228,1.280865,-0.09256874,-0.0719648,-0.07903015,0,0,0
229,1.285,-0.09256874,-0.0719648,-0.07903015,0,0,0
230,1.289226,-0.09256874,-0.0719648,-0.07903015,0,0,0
231,1.29347,-0.09256874,-0.0719648,-0.07903015,0,0,0
232,1.297461,-0.09256874,-0.0719648,-0.07903015,0,0,0
233,1.301383,-0.09256874,-0.0719648,-0.07903015,0,0,0
234,1.305635,-0.09256874,-0.0719648,-0.07903015,0,0,0
235,1.310039,-0.09256874,-0.0719648,-0.07903015,0,0,0
236,1.314202,-0.09256874,-0.0719648,-0.07903015,0,0,0
237,1.318685,-0.09256874,-0.0719648,-0.07903015,0,0,0
238,1.32306,-0.09256874,-0.0719648,-0.07903015,0,0,0
239,1.328113,-0.09256874,-0.0719648,-0.07903015,0,0,0
240,1.332261,-0.09256874,-0.0719648,-0.07903015,0,0,0
241,1.336621,-0.09256874,-0.0719648,-0.07903015,0,0,0
242,1.341194,-0.09256874,-0.0719648,-0.07903015,0,0,0
243,1.34577,-0.09256874,-0.0719648,-0.07903015,0,0,0
244,1.350136,-0.09256874,-0.0719648,-0.07903015,0,0,0
245,1.354358,-0.09256874,-0.0719648,-0.07903015,0,0,0
246,1.359131,-0.09256874,-0.0719648,-0.07903015,0,0,0
247,1.363529,-0.09256874,-0.0719648,-0.07903015,0,0,0
248,1.368029,-0.09256874,-0.0719648,-0.07903015,0,0,0
249,1.372294,-0.09256874,-0.0719648,-0.07903015,0,0,0
250,1.376783,-0.09256874,-0.0719648,-0.07903015,0,0,0
251,1.381099,-0.09256874,-0.0719648,-0.07903015,0,0,0
252,1.385872,-0.09256874,-0.0719648,-0.07903015,0,0,0
253,1.390565,-0.09256874,-0.0719648,-0.07903015,0,0,0
254,1.395138,-0.09256874,-0.0719648,-0.07903015,0,0,0
255,1.399198,-0.09256874,-0.0719648,-0.07903015,0,0,0
256,1.404187,-0.09256874,-0.0719648,-0.07903015,0,0,0
257,1.408607,-0.09256874,-0.0719648,-0.07903015,0,0,0
258,1.412912,-0.09256874,-0.0719648,-0.07903015,0,0,0
259,1.41676,-0.09256874,-0.0719648,-0.07903015,0,0,0
260,1.420807,-0.09256874,-0.0719648,-0.07903015,0,0,0
261,1.425176,-0.09256874,-0.0719648,-0.07903015,0,0,0
262,1.42941,-0.09256874,-0.0719648,-0.07903015,0,0,0
263,1.433529,-0.09256874,-0.0719648,-0.07903015,0,0,0
264,1.437662,-0.09256874,-0.0719648,-0.07903015,0,0,0
265,1.442123,-0.09256874,-0.0719648,-0.07903015,0,0,0
266,1.446561,-0.09256874,-0.0719648,-0.07903015,0,0,0
267,1.450456,-0.09256874,-0.0719648,-0.07903015,0,0,0
268,1.454603,-0.09256874,-0.0719648,-0.07903015,0,0,0
269,1.458982,-0.09256874,-0.0719648,-0.07903015,0,0,0
270,1.463074,-0.09256874,-0.0719648,-0.07903015,0,0,0
271,1.467117,-0.09256874,-0.0719648,-0.07903015,0,0,0
272,1.471344,-0.09256874,-0.0719648,-0.07903015,0,0,0
273,1.475744,-0.09256874,-0.0719648,-0.07903015,0,0,0
274,1.480266,-0.09256874,-0.0719648,-0.07903015,0,0,0
275,1.485652,-0.09256874,-0.0719648,-0.07903015,0,0,0
276,1.490371,-0.09256874,-0.0719648,-0.07903015,0,0,0
277,1.495951,-0.09256874,-0.0719648,-0.07903015,0,0,0
278,1.500816,-0.09256874,-0.0719648,-0.07903015,0,0,0
279,1.50537,-0.09256874,-0.0719648,-0.07903015,0,0,0
280,1.51064,-0.09256874,-0.0719648,-0.07903015,0,0,0
281,1.515052,-0.09256874,-0.0719648,-0.07903015,0,0,0
282,1.519886,-0.09256874,-0.0719648,-0.07903015,0,0,0
283,1.525394,-0.09256874,-0.0719648,-0.07903015,0,0,0
284,1.532092,-0.09256874,-0.0719648,-0.07903015,0,0,0
285,1.536483,-0.09256874,-0.0719648,-0.07903015,0,0,0
286,1.541409,-0.09256874,-0.0719648,-0.07903015,0,0,0
287,1.546642,-0.09256874,-0.0719648,-0.07903015,0,0,0
288,1.550977,-0.09256874,-0.0719648,-0.07903015,0,0,0
289,1.556387,-0.09256874,-0.0719648,-0.07903015,0,0,0
290,1.562904,-0.09256874,-0.0719648,-0.07903015,0,0,0
291,1.568502,-0.09256874,-0.0719648,-0.07903015,0,0,0
292,1.573354,-0.09256874,-0.0719648,-0.07903015,0,0,0
293,1.578445,-0.09256874,-0.0719648,-0.07903015,0,0,0
294,1.583403,-0.09256874,-0.0719648,-0.07903015,0,0,0
295,1.588797,-0.09256874,-0.0719648,-0.07903015,0,0,0
296,1.59355,-0.09256874,-0.0719648,-0.07903015,0,0,0
297,1.598138,-0.09256874,-0.0719648,-0.07903015,0,0,0
298,1.602979,-0.09256874,-0.0719648,-0.07903015,0,0,0
299,1.608197,-0.09256874,-0.0719648,-0.07903015,0,0,0
300,1.614552,-0.09256874,-0.0719648,-0.07903015,0,0,0
301,1.619228,-0.09256874,-0.0719648,-0.07903015,0,0,0
302,1.62386,-0.09256874,-0.0719648,-0.07903015,0,0,0
303,1.629196,-0.09256874,-0.0719648,-0.07903015,0,0,0
304,1.633936,-0.09256874,-0.0719648,-0.07903015,0,0,0
305,1.639022,-0.09256874,-0.0719648,-0.07903015,0,0,0
306,1.645951,-0.09256874,-0.0719648,-0.07903015,0,0,0
307,1.651337,-0.09256874,-0.0719648,-0.07903015,0,0,0
308,1.656589,-0.09256874,-0.0719648,-0.07903015,0,0,0
309,1.661265,-0.09256874,-0.0719648,-0.07903015,0,0,0
310,1.66669,-0.09256874,-0.0719648,-0.07903015,0,0,0
311,1.672277,-0.09256874,-0.0719648,-0.07903015,0,0,0
312,1.676815,-0.09256874,-0.0719648,-0.07903015,0,0,0
313,1.681208,-0.09256874,-0.0719648,-0.07903015,0,0,0
314,1.685714,-0.09256874,-0.0719648,-0.07903015,0,0,0
315,1.690472,-0.09256874,-0.0719648,-0.07903015,0,0,0
316,1.695127,-0.09256874,-0.0719648,-0.07903015,0,0,0
317,1.701129,-0.09256874,-0.0719648,-0.07903015,0,0,0
318,1.705995,-0.09256874,-0.0719648,-0.07903015,0,0,0
319,1.71033,-0.09256874,-0.0719648,-0.07903015,0,0,0
320,1.715146,-0.09256874,-0.0719648,-0.07903015,0,0,0
321,1.71932,-0.09256874,-0.0719648,-0.07903015,0,0,0
322,1.723544,-0.09256874,-0.0719648,-0.07903015,0,0,0
323,1.728222,-0.09256874,-0.0719648,-0.07903015,0,0,0
324,1.732426,-0.09256874,-0.0719648,-0.07903015,0,0,0
325,1.736895,-0.09256874,-0.0719648,-0.07903015,0,0,0
326,1.741803,-0.09256874,-0.0719648,-0.07903015,0,0,0
327,1.74649,-0.09256874,-0.0719648,-0.07903015,0,0,0
328,1.751021,-0.09256874,-0.0719648,-0.07903015,0,0,0
329,1.755486,-0.09256874,-0.0719648,-0.07903015,0,0,0
330,1.760229,-0.09256874,-0.0719648,-0.07903015,0,0,0
331,1.764498,-0.09256874,-0.0719648,-0.07903015,0,0,0
332,1.768548,-0.09256874,-0.0719648,-0.07903015,0,0,0
333,1.772573,-0.09256874,-0.0719648,-0.07903015,0,0,0
334,1.776734,-0.09256874,-0.0719648,-0.07903015,0,0,0
335,1.781124,-0.09256874,-0.0719648,-0.07903015,0,0,0
336,1.785371,-0.09256874,-0.0719648,-0.07903015,0,0,0
337,1.789433,-0.09256874,-0.0719648,-0.07903015,0,0,0
338,1.793907,-0.09256874,-0.0719648,-0.07903015,0,0,0
339,1.798034,-0.09256874,-0.0719648,-0.07903015,0,0,0
340,1.802131,-0.09256874,-0.0719648,-0.07903015,0,0,0
341,1.806885,-0.09256874,-0.0719648,-0.07903015,0,0,0
342,1.81113,-0.09256874,-0.0719648,-0.07903015,0,0,0
343,1.815248,-0.09256874,-0.0719648,-0.07903015,0,0,0
344,1.819287,-0.09256874,-0.0719648,-0.07903015,0,0,0
345,1.836152,-0.09256874,-0.0719648,-0.07903015,0,0,0
346,1.844028,-0.09256874,-0.0719648,-0.07903015,0,0,0
347,1.850276,-0.09256874,-0.0719648,-0.07903015,0,0,0
348,1.854612,-0.09256874,-0.0719648,-0.07903015,0,0,0
349,1.859273,-0.09256874,-0.0719648,-0.07903015,0,0,0
350,1.863766,-0.09256874,-0.0719648,-0.07903015,0,0,0
351,1.867787,-0.09256874,-0.0719648,-0.07903015,0,0,0
352,1.871983,-0.09256874,-0.0719648,-0.07903015,0,0,0
353,1.876387,-0.09256874,-0.0719648,-0.07903015,0,0,0
354,1.880538,-0.09256874,-0.0719648,-0.07903015,0,0,0
355,1.884764,-0.09256874,-0.0719648,-0.07903015,0,0,0
356,1.889412,-0.09256874,-0.0719648,-0.07903015,0,0,0
357,1.893893,-0.09256874,-0.0719648,-0.07903015,0,0,0
358,1.898125,-0.09256874,-0.0719648,-0.07903015,0,0,0
359,1.902152,-0.09256874,-0.0719648,-0.07903015,0,0,0
360,1.906888,-0.09256874,-0.0719648,-0.07903015,0,0,0
361,1.911124,-0.09256874,-0.0719648,-0.07903015,0,0,0
362,1.915308,-0.09256874,-0.0719648,-0.07903015,0,0,0
363,1.919477,-0.09256874,-0.0719648,-0.07903015,0,0,0
364,1.927952,-0.09256874,-0.0719648,-0.07903015,0,0,0
365,1.93244,-0.09256874,-0.0719648,-0.07903015,0,0,0
366,1.936768,-0.09256874,-0.0719648,-0.07903015,0,0,0
367,1.941304,-0.09256874,-0.0719648,-0.07903015,0,0,0
368,1.946011,-0.09256874,-0.0719648,-0.07903015,0,0,0
369,1.950516,-0.09256874,-0.0719648,-0.07903015,0,0,0
370,1.954753,-0.09256874,-0.0719648,-0.07903015,0,0,0
371,1.959127,-0.09256874,-0.0719648,-0.07903015,0,0,0
372,1.963311,-0.09256874,-0.0719648,-0.07903015,0,0,0
373,1.967538,-0.09256874,-0.0719648,-0.07903015,0,0,0
374,1.971512,-0.09256874,-0.0719648,-0.07903015,0,0,0
375,1.975695,-0.09256874,-0.0719648,-0.07903015,0,0,0
376,1.980406,-0.09256874,-0.0719648,-0.07903015,0,0,0
377,1.984698,-0.09256874,-0.0719648,-0.07903015,0,0,0
378,1.98895,-0.09256874,-0.0719648,-0.07903015,0,0,0
379,1.993532,-0.09256874,-0.0719648,-0.07903015,0,0,0
380,1.997786,-0.09256874,-0.0719648,-0.07903015,0,0,0
381,2.001738,-0.09256874,-0.0719648,-0.07903015,0,0,0
382,2.00607,-0.09256874,-0.0719648,-0.07903015,0,0,0
383,2.010873,-0.09256874,-0.0719648,-0.07903015,0,0,0
384,2.015148,-0.09256874,-0.0719648,-0.07903015,0,0,0
385,2.019189,-0.09256874,-0.0719648,-0.07903015,0,0,0
386,2.023574,-0.09256874,-0.0719648,-0.07903015,0,0,0
387,2.028176,-0.09256874,-0.0719648,-0.07903015,0,0,0
388,2.032396,-0.09256874,-0.0719648,-0.07903015,0,0,0
389,2.036497,-0.09256874,-0.0719648,-0.07903015,0,0,0
390,2.041001,-0.09256874,-0.0719648,-0.07903015,0,0,0
391,2.045539,-0.09256874,-0.0719648,-0.07903015,0,0,0
392,2.049572,-0.09256874,-0.0719648,-0.07903015,0,0,0
393,2.053792,-0.09256874,-0.0719648,-0.07903015,0,0,0
394,2.058588,-0.09256874,-0.0719648,-0.07903015,0,0,0
395,2.062834,-0.09256874,-0.0719648,-0.07903015,0,0,0
396,2.067424,-0.09256874,-0.0719648,-0.07903015,0,0,0
397,2.071925,-0.09256874,-0.0719648,-0.07903015,0,0,0
398,2.076606,-0.09256874,-0.0719648,-0.07903015,0,0,0
399,2.080959,-0.09256874,-0.0719648,-0.07903015,0,0,0
400,2.085162,-0.09256874,-0.0719648,-0.07903015,0,0,0
401,2.089557,-0.09256874,-0.0719648,-0.07903015,0,0,0
402,2.093849,-0.09256874,-0.0719648,-0.07903015,0,0,0
403,2.09811,-0.09256874,-0.0719648,-0.07903015,0,0,0
404,2.102613,-0.09256874,-0.0719648,-0.07903015,0,0,0
405,2.107641,-0.09256874,-0.0719648,-0.07903015,0,0,0
406,2.112133,-0.09256874,-0.0719648,-0.07903015,0,0,0
407,2.116456,-0.09256874,-0.0719648,-0.07903015,0,0,0
408,2.120464,-0.09256874,-0.0719648,-0.07903015,0,0,0
409,2.125752,-0.09256874,-0.0719648,-0.07903015,0,0,0
410,2.130382,-0.09256874,-0.0719648,-0.07903015,0,0,0
411,2.134886,-0.09256874,-0.0719648,-0.07903015,0,0,0
412,2.139251,-0.09256874,-0.0719648,-0.07903015,0,0,0
413,2.144141,-0.09256874,-0.0719648,-0.07903015,0,0,0
414,2.148902,-0.09256874,-0.0719648,-0.07903015,0,0,0
415,2.153135,-0.09256874,-0.0719648,-0.07903015,0,0,0
416,2.15747,-0.09256874,-0.0719648,-0.07903015,0,0,0
417,2.161742,-0.09256874,-0.0719648,-0.07903015,0,0,0
418,2.166198,-0.09256874,-0.0719648,-0.07903015,0,0,0
419,2.17024,-0.09256874,-0.0719648,-0.07903015,0,0,0
420,2.175976,-0.09256874,-0.0719648,-0.07903015,0,0,0
421,2.18128,-0.09256874,-0.0719648,-0.07903015,0,0,0
422,2.185783,-0.09256874,-0.0719648,-0.07903015,0,0,0
423,2.189985,-0.09256874,-0.0719648,-0.07903015,0,0,0
424,2.194558,-0.09256874,-0.0719648,-0.07903015,0,0,0
425,2.198484,-0.09256874,-0.0719648,-0.07903015,0,0,0
426,2.202864,-0.09256874,-0.0719648,-0.07903015,0,0,0
427,2.208181,-0.09256874,-0.0719648,-0.07903015,0,0,0
428,2.212443,-0.09256874,-0.0719648,-0.07903015,0,0,0
429,2.216832,-0.09256874,-0.0719648,-0.07903015,0,0,0
430,2.221175,-0.09256874,-0.0719648,-0.07903015,0,0,0
431,2.226703,-0.09256874,-0.0719648,-0.07903015,0,0,0
432,2.23069,-0.09256874,-0.0719648,-0.07903015,0,0,0
433,2.235198,-0.09256874,-0.0719648,-0.07903015,0,0,0
434,2.239923,-0.09256874,-0.0719648,-0.07903015,0,0,0
435,2.244637,-0.09256874,-0.0719648,-0.07903015,0,0,0
436,2.249238,-0.09256874,-0.0719648,-0.07903015,0,0,0
437,2.253298,-0.09256874,-0.0719648,-0.07903015,0,0,0
438,2.258165,-0.09256874,-0.0719648,-0.07903015,0,0,0
439,2.262366,-0.09256874,-0.0719648,-0.07903015,0,0,0
440,2.266722,-0.09256874,-0.0719648,-0.07903015,0,0,0
441,2.272561,-0.09256874,-0.0719648,-0.07903015,0,0,0
442,2.277512,-0.09256874,-0.0719648,-0.07903015,0,0,0
443,2.284126,-0.09256874,-0.0719648,-0.07903015,0,0,0
444,2.289772,-0.09256874,-0.0719648,-0.07903015,0,0,0
445,2.295087,-0.09256874,-0.0719648,-0.07903015,0,0,0
446,2.30029,-0.09256874,-0.0719648,-0.07903015,0,0,0
447,2.306552,-0.09256874,-0.0719648,-0.07903015,0,0,0
448,2.311831,-0.09256874,-0.0719648,-0.07903015,0,0,0
449,2.317331,-0.09256874,-0.0719648,-0.07903015,0,0,0
450,2.323425,-0.09256874,-0.0719648,-0.07903015,0,0,0
451,2.328169,-0.09256874,-0.0719648,-0.07903015,0,0,0
452,2.332491,-0.09256874,-0.0719648,-0.07903015,0,0,0
453,2.336837,-0.09256874,-0.0719648,-0.07903015,0,0,0
454,2.342207,-0.09256874,-0.0719648,-0.07903015,0,0,0
455,2.348119,-0.09256874,-0.0719648,-0.07903015,0,0,0
456,2.352346,-0.09256874,-0.0719648,-0.07903015,0,0,0
457,2.356968,-0.09256874,-0.0719648,-0.07903015,0,0,0
458,2.361403,-0.09256874,-0.0719648,-0.07903015,0,0,0
459,2.365747,-0.09256874,-0.0719648,-0.07903015,0,0,0
460,2.369814,-0.09256874,-0.0719648,-0.07903015,0,0,0
461,2.374534,-0.09256874,-0.0719648,-0.07903015,0,0,0
462,2.379027,-0.09256874,-0.0719648,-0.07903015,0,0,0
463,2.383565,-0.09256874,-0.0719648,-0.07903015,0,0,0
464,2.387974,-0.09256874,-0.0719648,-0.07903015,0,0,0
465,2.393175,-0.09256874,-0.0719648,-0.07903015,0,0,0
466,2.3974,-0.09256874,-0.0719648,-0.07903015,0,0,0
467,2.401759,-0.09256874,-0.0719648,-0.07903015,0,0,0
468,2.4065,-0.09256874,-0.0719648,-0.07903015,0,0,0
469,2.411305,-0.09256874,-0.0719648,-0.07903015,0,0,0
470,2.416087,-0.09256874,-0.0719648,-0.07903015,0,0,0
471,2.420437,-0.09256874,-0.0719648,-0.07903015,0,0,0
472,2.425244,-0.09256874,-0.0719648,-0.07903015,0,0,0
473,2.430022,-0.09256874,-0.0719648,-0.07903015,0,0,0
474,2.434519,-0.09256874,-0.0719648,-0.07903015,0,0,0
475,2.438875,-0.09256874,-0.0719648,-0.07903015,0,0,0
476,2.443438,-0.09256874,-0.0719648,-0.07903015,0,0,0
477,2.447607,-0.09256874,-0.0719648,-0.07903015,0,0,0
478,2.451774,-0.09256874,-0.0719648,-0.07903015,0,0,0
479,2.455997,-0.09256874,-0.0719648,-0.07903015,0,0,0
480,2.460407,-0.09256874,-0.0719648,-0.07903015,0,0,0
481,2.464737,-0.09256874,-0.0719648,-0.07903015,0,0,0
482,2.468866,-0.09256874,-0.0719648,-0.07903015,0,0,0
483,2.473304,-0.09256874,-0.0719648,-0.07903015,0,0,0
484,2.477523,-0.09256874,-0.0719648,-0.07903015,0,0,0
485,2.481523,-0.09256874,-0.0719648,-0.07903015,0,0,0
486,2.485662,-0.09256874,-0.0719648,-0.07903015,0,0,0
487,2.48989,-0.09256874,-0.0719648,-0.07903015,0,0,0
488,2.494149,-0.09256874,-0.0719648,-0.07903015,0,0,0
489,2.498229,-0.09256874,-0.0719648,-0.07903015,0,0,0
490,2.502278,-0.09256874,-0.0719648,-0.07903015,0,0,0
491,2.507008,-0.09256874,-0.0719648,-0.07903015,0,0,0
492,2.511357,-0.09256874,-0.0719648,-0.07903015,0,0,0
493,2.51581,-0.09256874,-0.0719648,-0.07903015,0,0,0
494,2.519802,-0.09256874,-0.0719648,-0.07903015,0,0,0
495,2.5246,-0.09256874,-0.0719648,-0.07903015,0,0,0
496,2.52934,-0.09256874,-0.0719648,-0.07903015,0,0,0
497,2.533629,-0.09256874,-0.0719648,-0.07903015,0,0,0
498,2.537684,-0.09256874,-0.0719648,-0.07903015,0,0,0
499,2.542088,-0.09256874,-0.0719648,-0.07903015,0,0,0
500,2.54642,-0.09256874,-0.0719648,-0.07903015,0,0,0
501,2.550642,-0.09256874,-0.0719648,-0.07903015,0,0,0
502,2.55486,-0.09256874,-0.0719648,-0.07903015,0,0,0
503,2.559166,-0.09256874,-0.0719648,-0.07903015,0,0,0
504,2.563231,-0.09256874,-0.0719648,-0.07903015,0,0,0
505,2.567307,-0.09256874,-0.0719648,-0.07903015,0,0,0
506,2.571451,-0.09256874,-0.0719648,-0.07903015,0,0,0
507,2.576622,-0.09256874,-0.0719648,-0.07903015,0,0,0
508,2.581635,-0.09256874,-0.0719648,-0.07903015,0,0,0
509,2.585702,-0.09256874,-0.0719648,-0.07903015,0,0,0
510,2.589916,-0.09256874,-0.0719648,-0.07903015,0,0,0
511,2.594965,-0.09256874,-0.0719648,-0.07903015,0,0,0
512,2.598964,-0.09256874,-0.0719648,-0.07903015,0,0,0
513,2.603,-0.09256874,-0.0719648,-0.07903015,0,0,0
514,2.607757,-0.09256874,-0.0719648,-0.07903015,0,0,0
515,2.612075,-0.09256874,-0.0719648,-0.07903015,0,0,0
516,2.616223,-0.09256874,-0.0719648,-0.07903015,0,0,0
517,2.620268,-0.09256874,-0.0719648,-0.07903015,0,0,0
518,2.625231,-0.09256874,-0.0719648,-0.07903015,0,0,0
519,2.629645,-0.09256874,-0.0719648,-0.07903015,0,0,0
520,2.633754,-0.09256874,-0.0719648,-0.07903015,0,0,0
521,2.638055,-0.09256874,-0.0719648,-0.07903015,0,0,0
522,2.643388,-0.09256874,-0.0719648,-0.07903015,0,0,0
523,2.648797,-0.09256874,-0.0719648,-0.07903015,0,0,0
524,2.653954,-0.09256874,-0.0719648,-0.07903015,0,0,0
525,2.659225,-0.09256874,-0.0719648,-0.07903015,0,0,0
526,2.66319,-0.09256874,-0.0719648,-0.07903015,0,0,0
527,2.667315,-0.09256874,-0.0719648,-0.07903015,0,0,0
528,2.672533,-0.09256874,-0.0719648,-0.07903015,0,0,0
529,2.677065,-0.09256874,-0.0719648,-0.07903015,0,0,0
530,2.681182,-0.09256874,-0.0719648,-0.07903015,0,0,0
531,2.68533,-0.09256874,-0.0719648,-0.07903015,0,0,0
532,2.68944,-0.09256874,-0.0719648,-0.07903015,0,0,0
533,2.693635,-0.09256874,-0.0719648,-0.07903015,0,0,0
534,2.697644,-0.09256874,-0.0719648,-0.07903015,0,0,0
535,2.701734,-0.09256874,-0.0719648,-0.07903015,0,0,0
536,2.70641,-0.09256874,-0.0719648,-0.07903015,0,0,0
537,2.710876,-0.09256874,-0.0719648,-0.07903015,0,0,0
538,2.715105,-0.09256874,-0.0719648,-0.07903015,0,0,0
539,2.719366,-0.09256874,-0.0719648,-0.07903015,0,0,0
540,2.72395,-0.09256874,-0.0719648,-0.07903015,0,0,0
541,2.729456,-0.09256874,-0.0719648,-0.07903015,0,0,0
542,2.736269,-0.09256874,-0.0719648,-0.07903015,0,0,0
543,2.741345,-0.09256874,-0.0719648,-0.07903015,0,0,0
544,2.748506,-0.09256874,-0.0719648,-0.07903015,0,0,0
545,2.752911,-0.09256874,-0.0719648,-0.07903015,0,0,0
546,2.757923,-0.09256874,-0.0719648,-0.07903015,0,0,0
547,2.762492,-0.09256874,-0.0719648,-0.07903015,0,0,0
548,2.767349,-0.09256874,-0.0719648,-0.07903015,0,0,0
549,2.772221,-0.09256874,-0.0719648,-0.07903015,0,0,0
550,2.777479,-0.09256874,-0.0719648,-0.07903015,0,0,0
551,2.782366,-0.09256874,-0.0719648,-0.07903015,0,0,0
552,2.787645,-0.09256874,-0.0719648,-0.07903015,0,0,0
553,2.792342,-0.09256874,-0.0719648,-0.07903015,0,0,0
554,2.796889,-0.09256874,-0.0719648,-0.07903015,0,0,0
555,2.801152,-0.09256874,-0.0719648,-0.07903015,0,0,0
556,2.805733,-0.09256874,-0.0719648,-0.07903015,0,0,0
557,2.810543,-0.09256874,-0.0719648,-0.07903015,0,0,0
558,2.815126,-0.09256874,-0.0719648,-0.07903015,0,0,0
559,2.819452,-0.09256874,-0.0719648,-0.07903015,0,0,0
560,2.82466,-0.09256874,-0.0719648,-0.07903015,0,0,0
561,2.829285,-0.09256874,-0.0719648,-0.07903015,0,0,0
562,2.833773,-0.09256874,-0.0719648,-0.07903015,0,0,0
563,2.83818,-0.09256874,-0.0719648,-0.07903015,0,0,0
564,2.842774,-0.09256874,-0.0719648,-0.07903015,0,0,0
565,2.847453,-0.09256874,-0.0719648,-0.07903015,0,0,0
566,2.852235,-0.09256874,-0.0719648,-0.07903015,0,0,0
567,2.857011,-0.09256874,-0.0719648,-0.07903015,0,0,0
568,2.861278,-0.09256874,-0.0719648,-0.07903015,0,0,0
569,2.865894,-0.09256874,-0.0719648,-0.07903015,0,0,0
570,2.870244,-0.09256874,-0.0719648,-0.07903015,0,0,0
571,2.875563,-0.09256874,-0.0719648,-0.07903015,0,0,0
572,2.879856,-0.09256874,-0.0719648,-0.07903015,0,0,0
573,2.884395,-0.09256874,-0.0719648,-0.07903015,0,0,0
574,2.889117,-0.09256874,-0.0719648,-0.07903015,0,0,0
575,2.8935,-0.09256874,-0.0719648,-0.07903015,0,0,0
576,2.897674,-0.09256874,-0.0719648,-0.07903015,0,0,0
577,2.901753,-0.09256874,-0.0719648,-0.07903015,0,0,0
578,2.905928,-0.09256874,-0.0719648,-0.07903015,0,0,0
579,2.910506,-0.09256874,-0.0719648,-0.07903015,0,0,0
580,2.914565,-0.09256874,-0.0719648,-0.07903015,0,0,0
581,2.918721,-0.09256874,-0.0719648,-0.07903015,0,0,0
582,2.922979,-0.09256874,-0.0719648,-0.07903015,0,0,0
583,2.927428,-0.09256874,-0.0719648,-0.07903015,0,0,0
584,2.931661,-0.09256874,-0.0719648,-0.07903015,0,0,0
585,2.935678,-0.09256874,-0.0719648,-0.07903015,0,0,0
586,2.940171,-0.09256874,-0.0719648,-0.07903015,0,0,0
587,2.945287,-0.09256874,-0.0719648,-0.07903015,0,0,0
588,2.949566,-0.09256874,-0.0719648,-0.07903015,0,0,0
589,2.95424,-0.09256874,-0.0719648,-0.07903015,0,0,0
590,2.958989,-0.09256874,-0.0719648,-0.07903015,0,0,0
591,2.963444,-0.09256874,-0.0719648,-0.07903015,0,0,0
592,2.967809,-0.09256874,-0.0719648,-0.07903015,0,0,0
593,2.972709,-0.09256874,-0.0719648,-0.07903015,0,0,0
594,2.97752,-0.09256874,-0.0719648,-0.07903015,0,0,0
595,2.98175,-0.09256874,-0.0719648,-0.07903015,0,0,0
596,2.986906,-0.09256874,-0.0719648,-0.07903015,0,0,0
597,2.9934,-0.09256874,-0.0719648,-0.07903015,0,0,0
598,2.998085,-0.09256874,-0.0719648,-0.07903015,0,0,0
599,3.00246,-0.09256874,-0.0719648,-0.07903015,0,0,0
600,3.007389,-0.09256874,-0.0719648,-0.07903015,0,0,0
601,3.011923,-0.09256874,-0.0719648,-0.07903015,0,0,0
602,3.016251,-0.09256874,-0.0719648,-0.07903015,0,0,0
603,3.021237,-0.09256874,-0.0719648,-0.07903015,0,0,0
604,3.026188,-0.09256874,-0.0719648,-0.07903015,0,0,0
605,3.030494,-0.09256874,-0.0719648,-0.07903015,0,0,0
606,3.034733,-0.09256874,-0.0719648,-0.07903015,0,0,0
607,3.040002,-0.09256874,-0.0719648,-0.07903015,0,0,0
608,3.044461,-0.09256874,-0.0719648,-0.07903015,0,0,0
609,3.04881,-0.09256874,-0.0719648,-0.07903015,0,0,0
610,3.053754,-0.09256874,-0.0719648,-0.07903015,0,0,0
611,3.058144,-0.09256874,-0.0719648,-0.07903015,0,0,0
612,3.062356,-0.09256874,-0.0719648,-0.07903015,0,0,0
613,3.066895,-0.09256874,-0.0719648,-0.07903015,0,0,0
614,3.071118,-0.09256874,-0.0719648,-0.07903015,0,0,0
615,3.075622,-0.09256874,-0.0719648,-0.07903015,0,0,0
616,3.080021,-0.09256874,-0.0719648,-0.07903015,0,0,0
617,3.085147,-0.09256874,-0.0719648,-0.07903015,0,0,0
618,3.089718,-0.09256874,-0.0719648,-0.07903015,0,0,0
619,3.094339,-0.09256874,-0.0719648,-0.07903015,0,0,0
620,3.098912,-0.09256874,-0.0719648,-0.07903015,0,0,0
621,3.103191,-0.09256874,-0.0719648,-0.07903015,0,0,0
622,3.108791,-0.09256874,-0.0719648,-0.07903015,0,0,0
623,3.113297,-0.09256874,-0.0719648,-0.07903015,0,0,0
624,3.117477,-0.09256874,-0.0719648,-0.07903015,0,0,0
625,3.12152,-0.09256874,-0.0719648,-0.07903015,0,0,0
626,3.126004,-0.09256874,-0.0719648,-0.07903015,0,0,0
627,3.130478,-0.09256874,-0.0719648,-0.07903015,0,0,0
628,3.134446,-0.09256874,-0.0719648,-0.07903015,0,0,0
629,3.138776,-0.09256874,-0.0719648,-0.07903015,0,0,0
630,3.143234,-0.09256874,-0.0719648,-0.07903015,0,0,0
631,3.147934,-0.09256874,-0.0719648,-0.07903015,0,0,0
632,3.152131,-0.09256874,-0.0719648,-0.07903015,0,0,0
633,3.156553,-0.09256874,-0.0719648,-0.07903015,0,0,0
634,3.161261,-0.09256874,-0.0719648,-0.07903015,0,0,0
635,3.16613,-0.09256874,-0.0719648,-0.07903015,0,0,0
636,3.170479,-0.09256874,-0.0719648,-0.07903015,0,0,0
637,3.176169,-0.09256874,-0.0719648,-0.07903015,0,0,0
638,3.180995,-0.09256874,-0.0719648,-0.07903015,0,0,0
639,3.185434,-0.09256874,-0.0719648,-0.07903015,0,0,0
640,3.190655,-0.09256874,-0.0719648,-0.07903015,0,0,0
641,3.195243,-0.09256874,-0.0719648,-0.07903015,0,0,0
642,3.199401,-0.09256874,-0.0719648,-0.07903015,0,0,0
643,3.203959,-0.09256874,-0.0719648,-0.07903015,0,0,0
644,3.20891,-0.09256874,-0.0719648,-0.07903015,0,0,0
645,3.213378,-0.09256874,-0.0719648,-0.07903015,0,0,0
646,3.217473,-0.09256874,-0.0719648,-0.07903015,0,0,0
647,3.222311,-0.09256874,-0.0719648,-0.07903015,0,0,0
648,3.226681,-0.09256874,-0.0719648,-0.07903015,0,0,0
649,3.230894,-0.09256874,-0.0719648,-0.07903015,0,0,0
650,3.234969,-0.09256874,-0.0719648,-0.07903015,0,0,0
651,3.239464,-0.09256874,-0.0719648,-0.07903015,0,0,0
652,3.244324,-0.09256874,-0.0719648,-0.07903015,0,0,0
653,3.248921,-0.09256874,-0.0719648,-0.07903015,0,0,0
654,3.253212,-0.09256874,-0.0719648,-0.07903015,0,0,0
655,3.258937,-0.09256874,-0.0719648,-0.07903015,0,0,0
656,3.263342,-0.09256874,-0.0719648,-0.07903015,0,0,0
657,3.267797,-0.09256874,-0.0719648,-0.07903015,0,0,0
658,3.272157,-0.09256874,-0.0719648,-0.07903015,0,0,0
659,3.276611,-0.09256874,-0.0719648,-0.07903015,0,0,0
660,3.281163,-0.09256874,-0.0719648,-0.07903015,0,0,0
661,3.285813,-0.09256874,-0.0719648,-0.07903015,0,0,0
662,3.290856,-0.09256874,-0.0719648,-0.07903015,0,0,0
663,3.29574,-0.09256874,-0.0719648,-0.07903015,0,0,0
664,3.300168,-0.09256874,-0.0719648,-0.07903015,0,0,0
665,3.3047,-0.09256874,-0.0719648,-0.07903015,0,0,0
666,3.309196,-0.09256874,-0.0719648,-0.07903015,0,0,0
667,3.313504,-0.09256874,-0.0719648,-0.07903015,0,0,0
668,3.318241,-0.09256874,-0.0719648,-0.07903015,0,0,0
669,3.322642,-0.09256874,-0.0719648,-0.07903015,0,0,0
670,3.327322,-0.09256874,-0.0719648,-0.07903015,0,0,0
671,3.331505,-0.09256874,-0.0719648,-0.07903015,0,0,0
672,3.335702,-0.09256874,-0.0719648,-0.07903015,0,0,0
673,3.340196,-0.09256874,-0.0719648,-0.07903015,0,0,0
674,3.344728,-0.09256874,-0.0719648,-0.07903015,0,0,0
675,3.349029,-0.09256874,-0.0719648,-0.07903015,0,0,0
676,3.353395,-0.09256874,-0.0719648,-0.07903015,0,0,0
677,3.358148,-0.09256874,-0.0719648,-0.07903015,0,0,0
678,3.362407,-0.09256874,-0.0719648,-0.07903015,0,0,0
679,3.366647,-0.09256874,-0.0719648,-0.07903015,0,0,0
680,3.370735,-0.09256874,-0.0719648,-0.07903015,0,0,0
681,3.375192,-0.09256874,-0.0719648,-0.07903015,0,0,0
682,3.379263,-0.09256874,-0.0719648,-0.07903015,0,0,0
683,3.383453,-0.09256874,-0.0719648,-0.07903015,0,0,0
684,3.387975,-0.09256874,-0.0719648,-0.07903015,0,0,0
685,3.392394,-0.09256874,-0.0719648,-0.07903015,0,0,0
686,3.396527,-0.09256874,-0.0719648,-0.07903015,0,0,0
687,3.400571,-0.09256874,-0.0719648,-0.07903015,0,0,0
688,3.404895,-0.09256874,-0.0719648,-0.07903015,0,0,0
689,3.40947,-0.09256874,-0.0719648,-0.07903015,0,0,0
690,3.413718,-0.09256874,-0.0719648,-0.07903015,0,0,0
691,3.417889,-0.09256874,-0.0719648,-0.07903015,0,0,0
692,3.422044,-0.09256874,-0.0719648,-0.07903015,0,0,0
693,3.42657,-0.09256874,-0.0719648,-0.07903015,0,0,0
694,3.430789,-0.09256874,-0.0719648,-0.07903015,0,0,0
695,3.434961,-0.09256874,-0.0719648,-0.07903015,0,0,0
696,3.439551,-0.09256874,-0.0719648,-0.07903015,0,0,0
697,3.44439,-0.09256874,-0.0719648,-0.07903015,0,0,0
698,3.448804,-0.09256874,-0.0719648,-0.07903015,0,0,0
699,3.45602,-0.09256874,-0.0719648,-0.07903015,0,0,0
700,3.461965,-0.09256874,-0.0719648,-0.07903015,0,0,0
701,3.466797,-0.09256874,-0.0719648,-0.07903015,0,0,0
702,3.471104,-0.09256874,-0.0719648,-0.07903015,0,0,0
703,3.475544,-0.09256874,-0.0719648,-0.07903015,0,0,0
704,3.479752,-0.09256874,-0.0719648,-0.07903015,0,0,0
705,3.484482,-0.09256874,-0.0719648,-0.07903015,0,0,0
706,3.488637,-0.09256874,-0.0719648,-0.07903015,0,0,0
707,3.492908,-0.09256874,-0.0719648,-0.07903015,0,0,0
708,3.496961,-0.09256874,-0.0719648,-0.07903015,0,0,0
709,3.500971,-0.09256874,-0.0719648,-0.07903015,0,0,0
710,3.505179,-0.09256874,-0.0719648,-0.07903015,0,0,0
711,3.511245,-0.09256874,-0.0719648,-0.07903015,0,0,0
