Frame,Timestamp,unity_x,unity_y,unity_z,X(accel),Y(accel),Z(accel),Angles,loadcell(N),,,
1,0,,,,-0.137503874,0.656041394,-0.178074942,52.3258081,2.964855163,,,
2,0.01667,,,,-0.587506287,0.597768394,-0.340019301,30.06011528,2.999879363,,,
3,0.03333,,,,-0.111528988,1.154010805,-0.209407762,61.9605732,3.069927763,,,
4,0.05,,,,0.295307726,1.578395566,-0.131040839,23.92893632,3.280072963,,,
5,0.06667,,,,0.377078554,1.609542866,-0.065972968,9.923919161,2.999879363,,,
6,0.08333,,,,0.197315985,1.459144622,-0.118418175,30.96985919,3.280072963,,,
7,0.1,,,,0.100384788,1.572944227,-0.186604406,61.72174452,3.245048763,,,평균: 12.744831912559404
8,0.11667,,,,-0.025527116,1.720202735,-0.299480001,85.12799118,3.069927763,,,표준 편차: 1.7261304964312947
9,0.13333,,,,-0.080787764,1.80024316,-0.351310709,77.04935754,3.315097163,,,
10,0.15,,,,-0.05021956,1.824531092,-0.372734144,82.32658132,2.999879363,,,
11,0.16667,,,,0.057350524,1.851065433,-0.358528866,80.91191932,3.210024563,,,
12,0.18333,,,,0.148371364,1.867707354,-0.310998462,64.4950913,3.175000363,,,
13,0.2,,,,0.23721515,1.828019885,-0.286745159,50.40012753,3.315097163,,,
14,0.21667,,,,0.253587931,1.778517526,-0.255467025,45.21149713,3.770411762,,,
15,0.23333,,,,0.248968748,1.735202962,-0.218481215,41.26839971,3.280072963,,,
16,0.25,,,,0.27609713,1.705870436,-0.190372533,34.58676419,3.560266563,,,
17,0.26667,,,,0.245480192,1.709170932,-0.212405641,40.86851909,3.385145563,,,
18,0.28333,,,,0.202132098,1.720074825,-0.244267823,50.39217728,3.385145563,,,
19,0.3,,,,0.193431398,1.733664966,-0.253708903,52.67756998,4.08562956,,,
20,0.31667,,,,0.178342054,1.713589624,-0.273242194,56.86797504,3.735387562,,,
21,0.33333,,,,0.230072093,1.678172776,-0.249032713,47.26630349,3.700363362,,,
22,0.35,,,,0.297072944,1.658971787,-0.226928404,37.37552531,3.770411762,,,
23,0.36667,,,,0.336387465,1.650812476,-0.206666121,31.5652875,3.770411762,,,
24,0.38333,,,,0.357400532,1.667476393,-0.184947239,27.36061188,3.525242363,,,
25,0.4,,,,0.379711882,1.703194215,-0.170817467,24.22110944,4.08562956,,,
26,0.41667,,,,0.377916772,1.725076233,-0.171982405,24.46933759,3.840460162,,,
27,0.43333,,,,0.368130443,1.710326467,-0.167568453,24.47444481,3.875484361,,,
28,0.45,,,,0.385150571,1.70440766,-0.152846562,21.64559622,3.595290763,,,
29,0.46667,,,,0.433874656,1.698883441,-0.149364735,18.99642396,3.525242363,,,
30,0.48333,,,,0.486788941,1.696152163,-0.131216019,15.08576723,3.840460162,,,
31,0.5,,,,0.507978037,1.672348001,-0.1262234,13.95435565,3.490218163,,,
32,0.51667,,,,0.516400905,1.65685313,-0.116870362,12.75219192,3.490218163,,,
33,0.53333,,,,0.526557177,1.64004817,-0.105804576,11.36151894,3.245048763,,,
34,0.55,,,,0.544793829,1.628519652,-0.104164209,10.82427417,3.560266563,,,
35,0.56667,,,,0.568332455,1.613435342,-0.0855173,8.557131319,3.139976163,,,
36,0.58333,,,,0.604935756,1.591000696,-0.061639991,5.818079171,3.175000363,,,
37,0.6,,,,0.643601065,1.579685343,-0.045093556,4.007847789,2.964855163,,,
38,0.61667,,,,0.670567966,1.584444164,-0.023477231,2.005161484,2.824758362,,,
39,0.63333,,,,0.701870131,1.583300087,-0.008712187,0.711165658,2.964855163,,,
40,0.65,,,,0.724252049,1.602476706,-0.005926834,0.468862972,2.334419559,,,
41,0.66667,,,,0.736546558,1.555997784,-0.005106009,0.397188869,2.824758362,,,
42,0.68333,,,,0.74826923,1.499384641,0.015358843,1.17587804,2.579588961,,,
43,0.7,,,,0.780126724,1.48997782,0.038390727,2.817303298,2.649637362,,,
44,0.71667,,,,0.844248978,1.464204021,0.065528274,4.438241789,2.999879363,,,
45,0.73333,,,,0.903935885,1.414920573,0.098176321,6.198587934,2.649637362,,,
46,0.75,,,,0.944959208,1.356484733,0.131072102,7.896917071,2.789734162,,,
47,0.76667,,,,0.970064203,1.314646112,0.151376876,8.869378001,2.859782562,,,
48,0.78333,,,,0.992597944,1.300720435,0.1661423,9.50215449,2.614613161,,,
49,0.8,,,,1.009683448,1.302458337,0.174161944,9.786737989,2.999879363,,,
50,0.81667,,,,1.026098931,1.310052225,0.178849856,9.887369651,2.579588961,,,
51,0.83333,,,,1.041883051,1.302828508,0.177439038,9.665090033,2.824758362,,,
52,0.85,,,,1.048492509,1.30585341,0.176081459,9.533166205,2.47451636,,,
53,0.86667,,,,1.056260534,1.311563789,0.176198966,9.470531285,2.40446796,,,
54,0.88333,,,,1.059612551,1.279986797,0.167918797,9.00488745,2.47451636,,,
55,0.9,,,,1.060138372,1.292699133,0.168177869,9.014152741,2.40446796,,,
56,0.91667,,,,1.050009748,1.327492738,0.169777668,9.184749474,2.299395359,,,
57,0.93333,,,,1.054602734,1.329831627,0.173975388,9.367583519,2.299395359,,,
58,0.95,,,,1.080875361,1.311607771,0.184551112,9.689374604,2.159298558,,,
59,0.96667,,,,1.126480622,1.345605431,0.199903615,10.06286682,1.108572542,,,
60,0.98333,,,,1.151955845,1.442876997,0.212230149,10.43881059,1.703983952,,,
61,1,,,,1.152163653,1.473660713,0.21050849,10.35414071,1.703983952,,,
62,1.01667,,,,1.151161985,1.480687446,0.211284013,10.40030105,1.458814548,,,
63,1.03333,,,,1.151375704,1.49339559,0.207226579,10.20295919,1.633935551,,,
64,1.05,,,,1.146919372,1.49409229,0.195008193,9.649594152,1.108572542,,,
65,1.06667,,,,1.143746285,1.492479006,0.183160062,9.098123906,0.898427337,,,
66,1.08333,,,,1.149716449,1.505569491,0.185445821,9.162720262,1.178620943,,,
67,1.1,,,,1.151053287,1.507167202,0.185401424,9.150104817,1.458814548,,,
68,1.11667,,,,1.13807371,1.501055858,0.180898052,9.031669098,1.56388715,,,
69,1.13333,,,,1.176346815,1.490802967,0.195208662,9.422076627,1.528862949,,,
70,1.15,1.123857186,0.13884808,-0.975761117,1.20286836,1.463817421,0.205865191,9.711807416,1.949153355,,,
71,1.16667,1.126670663,0.148831386,-0.979013254,1.212865391,1.439679606,0.211951286,9.912486845,1.528862949,,,
72,1.18333,1.124395659,0.15,-0.958625993,1.227779041,1.422411274,0.228410301,10.53856551,1.739008152,,,
73,1.2,1.121446046,0.15,-0.93510472,1.238193325,1.402547514,0.240265585,10.9815026,1.668959751,,,
74,1.21667,1.123286235,0.154390651,-0.92409015,1.242267378,1.385227662,0.247701285,11.27657044,1.493838749,,,
75,1.23333,1.125782061,0.159382304,-0.914787525,1.24423997,1.373332856,0.25089186,11.40040154,1.388766147,,,
76,1.25,1.131419183,0.16,-0.890242323,1.243208801,1.350956611,0.253000348,11.50294998,1.633935551,,,
77,1.26667,1.137499924,0.16,-0.863544544,1.245118744,1.333027591,0.253081964,11.48938108,1.56388715,,,
78,1.28333,1.13565837,0.16,-0.865499064,1.228754414,1.323201357,0.246344087,11.33652674,1.668959751,,,
79,1.3,1.132663378,0.16,-0.871625183,1.210904655,1.304179185,0.23592768,11.02515007,1.59891135,,,
80,1.31667,1.13464031,0.168681135,-0.837568169,1.202851367,1.289356708,0.231467693,10.89242268,1.073548341,,,
81,1.33333,1.137363029,0.178664441,-0.797483685,1.199615321,1.279501411,0.233684495,11.02314298,1.108572542,,,
82,1.35,1.140871908,0.184323873,-0.769060555,1.194631193,1.265333425,0.23584788,11.16789954,1.353741946,,,
83,1.36667,1.144502201,0.189315526,-0.742438407,1.195178696,1.246107575,0.232464075,11.00669194,1.423790347,,,
84,1.38333,1.146722871,0.194307179,-0.746488592,1.19214713,1.236220305,0.228254717,10.83897138,1.633935551,,,
85,1.4,1.148719533,0.199298831,-0.755413062,1.184780167,1.237980715,0.225037898,10.75468424,1.668959751,,,
86,1.41667,1.141238124,0.2,-0.750165933,1.174969406,1.238832463,0.223663754,10.77771252,1.318717746,,,
87,1.43333,1.132207771,0.2,-0.742602823,1.160214699,1.237089873,0.220572214,10.76423089,1.423790347,,,
88,1.45,1.131919259,0.2,-0.739443011,1.150048944,1.230294345,0.221008103,10.87807267,1.56388715,,,
89,1.46667,1.133099105,0.2,-0.737022816,1.136741029,1.22113207,0.214595237,10.69054826,1.668959751,,,
90,1.48333,1.130989376,0.195742905,-0.736021652,1.123725596,1.220471468,0.196486461,9.918056739,1.353741946,,,
91,1.5,1.128312035,0.190751252,-0.735265341,1.178537451,1.222288252,-0.701851983,30.77498034,0.022822314,,,
92,1.51667,1.130299135,0.194240401,-0.733159812,1.140906864,1.247619191,-1.953986898,59.71991471,0.23296752,,,
93,1.53333,1.133112612,0.199232053,-0.730815248,0.869476859,1.210538593,-1.91652599,65.59746829,0.373064324,,,
94,1.55,1.136156473,0.2,-0.722647089,0.619715164,1.248976319,-0.549205141,41.54806446,2.089250157,,,
95,1.56667,1.139242222,0.2,-0.713420094,0.557505989,1.24491288,0.481070427,40.79082132,0.618233731,,,
96,1.58333,1.130854303,0.2,-0.706296605,0.463766885,1.286097144,0.504166932,47.3900492,0.162919118,,,
97,1.6,1.120326453,0.2,-0.699565437,0.21651149,1.58772259,1.287551204,80.45458384,0.127894917,,,
98,1.61667,1.115169829,0.204190317,-0.691310518,-0.080862644,1.832136467,2.205102705,87.89986512,0.443112726,,,
99,1.63333,1.11104037,0.20918197,-0.682764203,-0.253312387,1.79521217,1.967906449,82.66512005,0.478136927,,,
100,1.65,1.111388071,0.205826377,-0.683829868,-0.220513488,1.543638479,1.138173377,79.03517225,0.478136927,,,
101,1.66667,1.112613295,0.200834725,-0.686779481,-0.085086895,1.322915715,0.586454952,81.7447398,-0.012201887,,,
102,1.68333,1.11398968,0.195843072,-0.681919108,0.046238571,1.231877892,0.33976196,82.25016602,0.092870716,,,
103,1.7,1.115396418,0.190851419,-0.675490464,0.162651193,1.191977605,0.141461458,41.01422916,0.408088525,,,
104,1.71667,1.119249659,0.19,-0.674895786,0.276846433,1.073707759,0.015084559,3.118796852,0.548185329,,,
105,1.73333,1.12360601,0.19,-0.675500835,0.374588657,0.875010917,-0.080599927,12.14314381,0.58320953,,,
106,1.75,1.127962362,0.202370618,-0.669108362,0.482543968,0.740736616,-0.209729912,23.49139403,0.022822314,,,
107,1.76667,1.132318713,0.217345576,-0.661242728,0.590605148,0.707561099,-0.298711235,26.82898481,0.23296752,,,
108,1.78333,1.139027166,0.215893155,-0.674346891,0.668873844,0.729045275,-0.198299176,16.51336436,0.443112726,,,
109,1.8,1.146242374,0.210901503,-0.691968938,0.717473658,0.76867869,0.034581656,2.759475144,0.478136927,,,
110,1.81667,1.145537563,0.21,-0.709033237,0.741985461,0.829373199,0.214746016,16.1415423,0.548185329,,,
111,1.83333,1.143087115,0.21,-0.725974604,0.745084328,0.898425473,0.278344743,20.48442212,0.092870716,,,
112,1.85,1.140377447,0.214073456,-0.740570648,0.746787082,0.9602397,0.252984202,18.71450399,0.127894917,,,
113,1.86667,1.137609349,0.219065109,-0.754638033,0.75643696,0.987178494,0.212545694,15.69444394,0.548185329,,,
114,1.88333,1.135431325,0.211886477,-0.759977235,0.772508706,0.983435682,0.195557805,14.20578897,0.548185329,,,
115,1.9,1.133389285,0.201903172,-0.763305003,0.781770468,0.983013124,0.175546452,12.65583296,0.618233731,,,
116,1.91667,1.136893155,0.2,-0.787322811,0.788930795,1.018750223,0.130230661,9.373420601,0.127894917,,,
117,1.93333,1.141703293,0.2,-0.816213892,0.800465271,1.079485933,0.062209856,4.443930327,0.057846515,,,
118,1.95,1.142782668,0.2,-0.816392725,0.808621795,1.134123043,0.007616721,0.539675135,0.513161128,,,
119,1.96667,1.142964183,0.2,-0.809661557,0.819799938,1.172742982,0.010996961,0.768530978,0.373064324,,,
120,1.98333,1.136297921,0.204006678,-0.82533136,0.840814008,1.185755067,0.039755885,2.707078121,0.618233731,,,
121,2,1.127948247,0.208998331,-0.846508069,0.879497209,1.159549216,0.032726844,2.131041791,0.793354735,,,
122,2.01667,1.127469722,0.213989983,-0.862727526,0.92371251,1.141752614,0.014552653,0.902593169,0.478136927,,,
123,2.03333,1.128967218,0.218981636,-0.877702484,0.956825267,1.169319057,0.014045036,0.840972278,0.548185329,,,
124,2.05,1.134257399,0.208080134,-0.875760864,0.970008166,1.194631651,0.002466249,0.145674413,0.793354735,,,
125,2.06667,1.140519654,0.193105175,-0.869483483,0.975163092,1.199760067,-0.027247685,1.600523276,0.653257931,,,
126,2.08333,1.144803612,0.201869783,-0.893719836,0.976656611,1.175070413,-0.054676213,3.204247639,0.898427337,,,
127,2.1,1.148570041,0.216844741,-0.925938686,0.97516658,1.143685338,-0.073260909,4.296363972,0.793354735,,,
128,2.11667,1.156706177,0.2239399,-0.939054991,0.969587478,1.133280238,-0.048018044,2.835211243,0.618233731,,,
129,2.13333,1.166008803,0.228931553,-0.947071887,0.964094209,1.124778281,0.031877826,1.893798005,0.758330534,,,
130,2.15,1.169212627,0.226076795,-0.944508018,0.963891166,1.127361258,0.107617288,6.370621334,0.548185329,,,
131,2.16667,1.170755502,0.221085142,-0.939062579,0.9636912,1.145927201,0.126836036,7.49787752,0.197943319,,,
132,2.18333,1.167113371,0.22,-0.943146659,0.964633811,1.152287731,0.104692795,6.194131215,0.618233731,,,
133,2.2,1.162030961,0.22,-0.949877827,0.966127887,1.136006234,0.09206686,5.443545666,0.618233731,,,
134,2.21667,1.151149188,0.22,-0.948416806,0.968722517,1.110454411,0.112113557,6.601665599,0.723306333,,,
135,2.23333,1.138624677,0.22,-0.944635251,0.970721774,1.095830721,0.14091716,8.259781047,0.653257931,,,
136,2.25,1.134761876,0.227746244,-0.952883847,0.974351293,1.10512788,0.159191428,9.279112155,-0.152298691,,,
137,2.26667,1.133400516,0.237729549,-0.964606668,0.977379069,1.121953041,0.1610324,9.355965186,0.653257931,,,
138,2.28333,1.129514949,0.232287145,-0.946529822,0.972185424,1.128754893,0.159525751,9.318611495,0.618233731,,,
139,2.3,1.124886326,0.22230384,-0.919680781,0.96490079,1.130603897,0.169581556,9.967949077,0.618233731,,,
140,2.31667,1.121514342,0.216160267,-0.894693428,0.957719484,1.130819595,0.205686907,12.12114045,0.653257931,,,
141,2.33333,1.11851935,0.211168614,-0.870264582,0.951706667,1.117202312,0.246702009,14.53238155,-0.257371295,,,
142,2.35,1.131164061,0.217646077,-0.870801336,0.946837827,1.104303682,0.23871999,14.15069245,0.373064324,,,
143,2.36667,1.148589467,0.227629382,-0.878969495,0.94677295,1.105746592,0.180624414,10.80104023,0.653257931,,,
144,2.38333,1.154941873,0.23,-0.882639247,0.945141076,1.099355866,0.127044479,7.655726058,0.723306333,,,
145,2.4,1.157846107,0.23,-0.88490818,0.944050608,1.072358777,0.098966722,5.98457257,0.828378936,,,
146,2.41667,1.158476552,0.23,-0.885282289,0.936788734,1.044701338,0.0932537,5.684845011,-0.187322893,,,
147,2.43333,1.158385795,0.23,-0.885055395,0.92706481,1.028645492,0.107892487,6.638262025,0.022822314,,,
148,2.45,1.157677645,0.226227045,-0.877625588,0.916962807,1.031054687,0.121302036,7.535718285,0.58320953,,,
149,2.46667,1.156770071,0.221235392,-0.867869176,0.903964239,1.058105795,0.146330185,9.19505435,0.758330534,,,
150,2.48333,1.157296707,0.22,-0.864657763,0.89515275,1.078295789,0.192427235,12.13200772,0.723306333,,,
151,2.5,1.158295037,0.22,-0.863598928,0.890944261,1.071386118,0.187805813,11.90335018,0.162919118,,,
152,2.51667,1.157593565,0.22,-0.857667324,0.886790785,1.065060448,0.181736183,11.5816584,0.022822314,,,
153,2.53333,1.156322963,0.22,-0.850104214,0.884167513,1.063231182,0.182240275,11.64642656,0.267991721,,,
154,2.55,1.149264987,0.216277129,-0.844853797,0.885000478,1.061912827,0.180752327,11.54332074,0.58320953,,,
155,2.56667,1.140234633,0.211285476,-0.840391562,0.886308542,1.054801162,0.17829705,11.37427385,0.548185329,,,
156,2.58333,1.142154348,0.213706177,-0.835985481,0.882290415,1.042006887,0.176363112,11.30400216,0.688282132,,,
157,2.6,1.147872059,0.21869783,-0.831598877,0.875445372,1.033199007,0.171531899,11.08590423,0.828378936,,,
158,2.61667,1.147015784,0.22,-0.833193707,0.869639657,1.031627652,0.169180939,11.00889494,0.373064324,,,
159,2.63333,1.143839278,0.22,-0.836899631,0.867695586,1.02677138,0.168301982,10.97703138,0.758330534,,,
160,2.65,1.14660601,0.22,-0.834317297,0.867658434,1.018691401,0.168389714,10.98307319,0.898427337,,,
161,2.66667,1.151506905,0.22,-0.829476906,0.869960675,1.010711174,0.167526492,10.89990293,0.863403136,,,
162,2.68333,1.151023372,0.227312187,-0.830120656,0.871304834,1.003292256,0.166673862,10.82941084,1.388766147,,,
163,2.7,1.148572925,0.237295492,-0.832767744,0.872170518,0.99412155,0.167708204,10.88445668,1.178620943,,,
164,2.71667,1.13709015,0.232721202,-0.829018313,0.872566428,0.982315358,0.168730008,10.94432688,1.213645144,,,
165,2.73333,1.122251328,0.222737896,-0.822892194,0.872957567,0.970196393,0.168349028,10.91543476,0.863403136,,,
166,2.75,1.126382304,0.212754591,-0.812594476,0.873344023,0.955056521,0.167511895,10.85775864,1.03852414,,,
167,2.76667,1.137681591,0.202771285,-0.800720393,0.872823717,0.938748087,0.166684727,10.81169822,0.898427337,,,
168,2.78333,1.135376385,0.15672788,-0.762456873,0.869619103,0.924867348,0.166322613,10.82758144,1.178620943,,,
169,2.8,1.127843527,0.096828047,-0.714052967,0.86645219,0.911149913,0.166869929,10.90111815,1.108572542,,,
170,2.81667,1.127652451,0.115893155,-0.683378105,0.863765484,0.898034627,0.169210599,11.08381016,1.143596742,,,
171,2.83333,1.130329792,0.165809683,-0.659629939,0.865956507,0.882876125,0.172866021,11.28923665,1.213645144,,,
172,2.85,1.119528608,0.187145242,-0.625434563,0.868998286,0.866583049,0.178258132,11.59230658,0.022822314,,,
173,2.86667,1.103373805,0.197128548,-0.587089594,0.872005103,0.845268093,0.183146084,11.86135313,0.688282132,,,
174,2.88333,1.110979056,0.192888147,-0.571750392,0.876709704,0.826786432,0.188417827,12.12921023,0.933451538,,,
175,2.9,1.128177569,0.182904841,-0.565699904,0.884374878,0.80980228,0.196252604,12.51181958,0.933451538,,,
176,2.91667,1.117770071,0.187078464,-0.540022765,0.886815714,0.792156562,0.199217299,12.66093493,0.828378936,,,
177,2.93333,1.096033693,0.19706177,-0.506291294,0.883694525,0.77470911,0.201284193,12.83166921,0.478136927,,,
178,2.95,1.094343755,0.196477462,-0.509119492,0.879338128,0.757456602,0.204617483,13.0993257,0.338040123,,,
179,2.96667,1.101014418,0.19148581,-0.527195326,0.875451144,0.742074294,0.206203969,13.25388099,0.548185329,,,
180,2.98333,1.105645318,0.186494157,-0.520730257,0.872444474,0.730617729,0.208198006,13.42189899,0.653257931,,,
181,3,1.109411747,0.181502504,-0.503864522,0.870303608,0.717211985,0.209747385,13.55015852,0.758330534,,,
182,3.01667,1.111275004,0.183489149,-0.482240856,0.870256671,0.702714509,0.212961569,13.75069052,0.933451538,,,
183,3.03333,1.112318713,0.188480801,-0.458568321,0.869798389,0.689195623,0.216558966,13.98101317,0.898427337,,,
184,3.05,1.119486569,0.196944908,-0.458834674,0.868525802,0.673781461,0.220533362,14.24726752,0.548185329,,,
185,3.06667,1.129333738,0.206928214,-0.46957429,0.867674326,0.661375674,0.224465022,14.50428202,1.213645144,,,
186,3.08333,1.134625588,0.203088481,-0.470470228,0.867237205,0.649506487,0.22753175,14.70100932,1.003499939,,,
187,3.1,1.137892852,0.193105175,-0.466991197,0.867207827,0.634951179,0.229338095,14.81308597,0.968475739,,,
188,3.11667,1.143786311,0.19,-0.492327364,0.862768198,0.618551673,0.233160762,15.12277991,1.528862949,,,
189,3.13333,1.150865382,0.19,-0.530672333,0.863161501,0.605902661,0.237348135,15.37493818,1.248669344,,,
190,3.15,1.165162544,0.200267112,-0.580269641,0.871882677,0.592199722,0.241894487,15.50610328,1.213645144,,,
191,3.16667,1.182769464,0.21524207,-0.635026559,0.871040326,0.579032921,0.24398912,15.64821349,1.353741946,,,
192,3.18333,1.185701017,0.213188648,-0.656913543,0.869814054,0.569524817,0.245663397,15.77138224,1.56388715,,,
193,3.2,1.181798452,0.203205342,-0.663493449,0.872116058,0.563618832,0.246527222,15.78438166,0.723306333,,,
194,3.21667,1.184643041,0.206777963,-0.683629281,0.869342355,0.556611378,0.246987625,15.86030333,1.388766147,,,
195,3.23333,1.190678403,0.216761269,-0.710175798,0.865823675,0.546207088,0.248228428,15.99740027,1.318717746,,,
196,3.25,1.187976476,0.216627713,-0.727678454,0.864264104,0.536675256,0.250237746,16.14776611,1.458814548,,,
197,3.26667,1.181078919,0.21163606,-0.740838266,0.865016695,0.52571379,0.253392518,16.32708469,1.59891135,,,
198,3.28333,1.176682805,0.203288815,-0.752472808,0.866904156,0.51486249,0.256902215,16.50689647,0.863403136,,,
199,3.3,1.173506298,0.193305509,-0.763363687,0.867636021,0.503742038,0.261146211,16.75105405,0.898427337,,,
200,3.31667,1.173638337,0.169966611,-0.757560075,0.870622736,0.493108023,0.264965193,16.92709483,1.03852414,,,
201,3.33333,1.175408104,0.140016694,-0.74349269,0.872454413,0.481831446,0.267603698,17.05209296,1.423790347,,,
202,3.35,1.167875702,0.149933222,-0.75212703,0.872028198,0.472154299,0.268700157,17.12576172,1.56388715,,,
203,3.36667,1.155668842,0.179883139,-0.772169272,0.867148428,0.462201767,0.269785867,17.2818813,1.59891135,,,
204,3.38333,1.147037942,0.19,-0.778288309,0.864164594,0.453820143,0.27048567,17.38025003,1.493838749,,,
205,3.4,1.140231143,0.19,-0.777305104,0.8615776,0.447719877,0.271552172,17.49381781,1.283693545,,,
206,3.41667,1.138776142,0.186711185,-0.784643598,0.860479978,0.441678552,0.272608369,17.57870468,1.59891135,,,
207,3.43333,1.140092123,0.181719533,-0.796290788,0.858299908,0.434242762,0.272914607,17.63916272,1.668959751,,,
208,3.45,1.139058127,0.18,-0.794204988,0.855052928,0.42760093,0.27211352,17.65324109,1.879104954,,,
209,3.46667,1.136789194,0.18,-0.784902363,0.852558599,0.420662674,0.271320062,17.65326192,2.43949216,,,
210,3.48333,1.141415845,0.183255426,-0.784083574,0.84972876,0.413432208,0.271992694,17.74953355,2.299395359,,,
211,3.5,1.14972014,0.188247078,-0.787789498,0.846925617,0.404488521,0.273747747,17.91214265,2.36944376,,,
212,3.51667,1.145776142,0.19,-0.783398594,0.842369887,0.395628812,0.274763885,18.06527044,2.334419559,,,
213,3.53333,1.135202914,0.19,-0.774625386,0.837502615,0.388969646,0.273613342,18.09229157,2.229346958,,,
214,3.55,1.135936106,0.161001669,-0.806811099,0.834090508,0.382372425,0.273904936,18.17953612,1.633935551,,,
215,3.56667,1.142879041,0.116076795,-0.861492386,0.830709994,0.377584732,0.273837627,18.24443548,2.019201756,,,
216,3.58333,1.145859007,0.132053422,-0.848764355,0.826312967,0.373189244,0.27448006,18.37516913,2.334419559,,,
217,3.6,1.146630445,0.18196995,-0.798469672,0.823694387,0.365715756,0.274763665,18.44739783,2.43949216,,,
218,3.61667,1.146503263,0.193622705,-0.779336773,0.820753687,0.356586026,0.27504468,18.52663587,2.649637362,,,
219,3.63333,1.145867962,0.183639399,-0.777824151,0.816806337,0.35028594,0.27462369,18.58348904,2.684661562,,,
220,3.65,1.145059645,0.18,-0.775638691,0.813237611,0.345068201,0.274902795,18.67705416,3.034903563,,,
221,3.66667,1.144152072,0.18,-0.773067233,0.809701037,0.338536517,0.274832811,18.74849909,2.544564761,,,
222,3.68333,1.147432387,0.157913189,-0.771882177,0.806536008,0.331724701,0.273728394,18.74657997,3.069927763,,,
223,3.7,1.153150099,0.122971619,-0.771504022,0.806105719,0.322613306,0.275038198,18.83931812,2.824758362,,,
224,3.71667,1.15221976,0.13196995,-0.756859665,0.80702648,0.311904395,0.277704173,18.98874402,2.719685762,,,
225,3.73333,1.147364243,0.166911519,-0.733792179,0.809280358,0.300956038,0.277963473,18.95605584,2.684661562,,,
226,3.75,1.151817575,0.17687813,-0.703582233,0.806840632,0.29276609,0.277203666,18.96102071,2.614613161,,,
227,3.76667,1.161846259,0.171886477,-0.66909445,0.803092807,0.284979267,0.277800341,19.08117444,2.229346958,,,
228,3.78333,1.171846714,0.166894825,-0.616728386,0.803017872,0.263077444,0.278727785,19.14190574,2.159298558,,,
229,3.8,1.18183002,0.161903172,-0.553500784,0.80228462,0.236768424,0.277640045,19.08878141,1.844080754,,,
230,3.81667,1.183614813,0.163088481,-0.523918905,0.795324609,0.235210813,0.275562509,19.11007758,0.793354735,,,
231,3.83333,1.180347549,0.168080134,-0.515070066,0.784831511,0.26557271,0.273171247,19.19114469,1.248669344,,,
232,3.85,1.176745181,0.17,-0.521533617,0.778006148,0.273954269,0.272781786,19.32150774,1.528862949,,,
233,3.86667,1.172933374,0.17,-0.53756741,0.776096908,0.250630811,0.271738051,19.29689465,1.56388715,,,
234,3.88333,1.169427075,0.166944908,-0.555637932,0.772269071,0.244862316,0.27234021,19.42516675,1.528862949,,,
235,3.9,1.166114433,0.161953255,-0.574999494,0.767510349,0.261226437,0.272937266,19.57608803,0.933451538,,,
236,3.91667,1.165729701,0.163038397,-0.590217787,0.76534981,0.258011543,0.271581448,19.53703451,0.968475739,,,
237,3.93333,1.167227197,0.16803005,-0.60277255,0.764162655,0.246889551,0.272176675,19.60469722,1.318717746,,,
238,3.95,1.162708757,0.166978297,-0.630252694,0.763936665,0.241549289,0.273088843,19.67073873,1.668959751,,,
239,3.96667,1.154268326,0.161986644,-0.667463196,0.762449535,0.235309371,0.273352248,19.72369492,1.914129155,,,
240,3.98333,1.159159205,0.16,-0.717422219,0.758459179,0.228494408,0.271697959,19.70872127,2.194322758,,,
241,4,1.17286356,0.16,-0.77580943,0.751996629,0.224856956,0.269103547,19.68985391,2.47451636,,,
242,4.01667,1.182221278,0.165976628,-0.795031618,0.7468347,0.222803613,0.267163734,19.68355567,2.229346958,,,
243,4.03333,1.188665048,0.175959933,-0.787997926,0.740162183,0.222005344,0.265555148,19.73695481,2.789734162,,,
244,4.05,1.198458643,0.174056761,-0.794471594,0.730141702,0.222755075,0.261761421,19.72314757,2.789734162,,,
245,4.06667,1.210529367,0.164073456,-0.810127232,0.721434908,0.221349406,0.257998537,19.67799465,2.824758362,,,
246,4.08333,1.217576719,0.16590985,-0.816828553,0.716480305,0.219037716,0.254266122,19.53886913,3.490218163,,,
247,4.1,1.221161633,0.175893155,-0.81735797,0.712176799,0.221008615,0.253976448,19.62724798,3.980556961,,,
248,4.11667,1.244352557,0.159432387,-0.835383214,0.707907859,0.225087094,0.2536891,19.71588088,4.05060536,,,
249,4.13333,1.281245409,0.124490818,-0.865635655,0.702157442,0.226715898,0.252480776,19.77749818,4.12065376,,,
250,4.15,1.293039611,0.133372287,-0.884069156,0.69886819,0.220808539,0.251282081,19.7763402,4.821137752,,,
251,4.16667,1.287049628,0.173305509,-0.894128092,0.698612243,0.212250465,0.251619477,19.80752084,4.400847357,,,
252,4.18333,1.283779633,0.187095159,-0.893359893,0.696561132,0.215701983,0.250737771,19.79711148,5.066307148,,,
253,4.2,1.282463652,0.182103506,-0.884813578,0.692437705,0.225965904,0.248651361,19.75299203,5.416549141,,,
254,4.21667,1.282250417,0.18,-0.88143092,0.688049437,0.231706221,0.246883039,19.73879067,6.327178319,,,
255,4.23333,1.28284034,0.18,-0.881809076,0.685175559,0.231205644,0.246330712,19.77425901,6.60737191,,,
256,4.25,1.284604948,0.177128548,-0.885537259,0.682029176,0.229239454,0.246381434,19.86213449,6.992638098,,,
257,4.26667,1.28723691,0.172136895,-0.891739009,0.678319731,0.232850996,0.243151396,19.72079363,6.817517104,,,
258,4.28333,1.288441493,0.175709516,-0.895475287,0.677272262,0.23905934,0.240837491,19.57534704,7.272831688,,,
259,4.3,1.288577629,0.185692821,-0.897366065,0.675941384,0.247253502,0.238837307,19.46036547,7.658097873,,,
260,4.31667,1.289100774,0.19,-0.898181818,0.674040003,0.2522015,0.238621175,19.49479504,8.18346085,,,
261,4.33333,1.28991759,0.19,-0.898181818,0.675334801,0.254228798,0.241049654,19.643188,8.288533445,,,
262,4.35,1.285604644,0.192821369,-0.890102443,0.682958886,0.255953482,0.243459666,19.62002132,8.60375123,,,
263,4.36667,1.277345728,0.197813022,-0.875808165,0.68966406,0.257951209,0.245559982,19.59864753,8.323557643,,,
264,4.38333,1.274160722,0.202804674,-0.87630217,0.692887016,0.255088361,0.24445073,19.43285571,8.60375123,,,
265,4.4,1.27493216,0.207796327,-0.888327516,0.689533206,0.247987672,0.242192833,19.35340304,8.568727031,,,
266,4.41667,1.273270451,0.20721202,-0.883287044,0.677405923,0.248012527,0.237070218,19.28839945,9.339259391,,,
267,4.43333,1.269685537,0.202220367,-0.864757424,0.662258708,0.260719937,0.231698745,19.28297026,9.199162598,,,
268,4.45,1.264337077,0.197228715,-0.847277533,0.650041267,0.277263942,0.226939249,19.24486791,9.1641384,,,
269,4.46667,1.257575656,0.192237062,-0.830638691,0.639037013,0.286971374,0.222499969,19.19710024,8.288533445,,,
270,4.48333,1.25159053,0.19,-0.820260282,0.62280088,0.302460258,0.216673904,19.18290703,7.938291461,,,
271,4.5,1.246235848,0.19,-0.814966105,0.604455264,0.314502925,0.207779151,18.97020895,8.428630238,,,
272,4.51667,1.23717256,0.19,-0.804279102,0.591795804,0.311240144,0.199513222,18.63060083,9.1641384,,,
273,4.53333,1.225056458,0.19,-0.789152881,0.585313391,0.307174178,0.196081248,18.52096054,9.654477172,,,
274,4.55,1.216403703,0.184557596,-0.783014873,0.57970483,0.308356409,0.194352915,18.5343376,9.969694953,,,
275,4.56667,1.210640613,0.17457429,-0.784376233,0.569743783,0.312540438,0.19235834,18.65584127,9.339259391,,,
276,4.58333,1.206819851,0.17,-0.786966915,0.559033919,0.318057664,0.190378166,18.80619905,9.584428776,,,
277,4.6,1.204641676,0.17,-0.790597207,0.552762626,0.321904995,0.187858715,18.77054621,9.829598162,,,
278,4.61667,1.208938686,0.17,-0.79386098,0.553055125,0.321663845,0.188115015,18.78511589,10.28491273,,,
279,4.63333,1.218785855,0.17,-0.796810593,0.553074887,0.319536098,0.1880947,18.78260545,10.46003372,,,
280,4.65,1.219964031,0.167328881,-0.794620327,0.547161439,0.316885896,0.185884081,18.76387656,10.7752515,,,
281,4.66667,1.213611018,0.162337229,-0.78796479,0.53403426,0.313986642,0.180142281,18.64045735,10.21486434,,,
282,4.68333,1.207692366,0.16,-0.777408054,0.519660956,0.31297618,0.17444106,18.55599807,10.60013051,,,
283,4.7,1.202156169,0.16,-0.7634163,0.510725596,0.314632438,0.170947299,18.50614448,10.7402273,,,
284,4.71667,1.177964031,0.152086811,-0.652547933,0.505841438,0.316012046,0.168827872,18.45676755,11.58080804,,,
285,4.73333,1.137123236,0.137111853,-0.455226387,0.503376166,0.317910207,0.165916208,18.24257136,11.75592903,,,
286,4.75,1.116821824,0.137863105,-0.32720342,0.503304496,0.320321502,0.166241818,18.27842449,11.72090483,,,
287,4.76667,1.115097435,0.152838063,-0.261858147,0.501391413,0.323240584,0.166298016,18.34929141,11.30061446,,,
288,4.78333,1.124240249,0.16,-0.29634593,0.497656033,0.324571311,0.165555145,18.4007274,11.65085644,,,
289,4.8,1.143344665,0.16,-0.422347347,0.493162467,0.326153319,0.165613324,18.56302917,12.03612261,,,
290,4.81667,1.139913037,0.165175292,-0.424690646,0.487658116,0.329541392,0.164877911,18.68046924,12.59650976,,,
291,4.83333,1.115544696,0.175158598,-0.312151566,0.478558108,0.331612891,0.161249128,18.62113347,12.45641297,,,
292,4.85,1.102465169,0.18,-0.246318106,0.467968377,0.332639086,0.157119931,18.55942697,12.42138877,,,
293,4.86667,1.100014722,0.18,-0.224460717,0.460286046,0.333401385,0.153280522,18.4183488,11.51075965,,,
294,4.88333,1.121272424,0.174891486,-0.294556584,0.450086935,0.330573911,0.14894552,18.31072809,11.61583224,,,
295,4.9,1.165153589,0.16490818,-0.452398695,0.440468774,0.32495858,0.144899739,18.20950502,11.12549348,,,
296,4.91667,1.169564122,0.167612688,-0.460870643,0.436528824,0.318872425,0.143212703,18.16319349,11.47573545,,,
297,4.93333,1.135802398,0.182587646,-0.324885921,0.434395418,0.314601377,0.143086108,18.23143765,11.12549348,,,
298,4.95,1.1208326,0.19,-0.266436991,0.431769382,0.312632458,0.144246974,18.47361706,10.60013051,,,
299,4.96667,1.124281378,0.19,-0.283983407,0.427645224,0.313446201,0.145143635,18.74731402,8.778872221,,,
300,4.98333,1.125795113,0.19,-0.296407649,0.424303766,0.312748899,0.1452675,18.89949844,8.078388254,,,
301,5,1.125386705,0.19,-0.303743866,0.419980709,0.311305891,0.143861944,18.90859711,7.412928482,,,
302,5.01667,1.143634391,0.180050083,-0.398933323,0.414435668,0.308875275,0.141957814,18.90801452,7.027662297,,,
303,5.03333,1.180663378,0.160083472,-0.58256564,0.406932859,0.309690669,0.138547668,18.80207214,6.257129921,,,
304,5.05,1.196039308,0.159883139,-0.663061415,0.397988465,0.309262475,0.135412144,18.7904292,5.136355547,,,
305,5.06667,1.189323266,0.17984975,-0.638330045,0.391083746,0.305628171,0.132045677,18.65676082,4.540944155,,,
306,5.08333,1.180331613,0.18754591,-0.648253402,0.38521139,0.300049262,0.128450525,18.44120386,3.980556961,,,
307,5.1,1.168986948,0.182554257,-0.694010219,0.377900904,0.296223234,0.125128521,18.32046312,3.245048763,,,
308,5.11667,1.16566353,0.177562604,-0.716574847,0.368921002,0.295599724,0.120832038,18.13508153,2.824758362,,,
309,5.13333,1.17074594,0.172570952,-0.714835332,0.358532298,0.293518312,0.117556042,18.1533508,2.544564761,,,
310,5.15,1.173275611,0.17,-0.727950119,0.353327478,0.287078614,0.11529069,18.0714949,0.933451538,,,
311,5.16667,1.173094096,0.17,-0.7568412,0.352528029,0.281648565,0.114519466,17.99649611,1.388766147,,,
312,5.18333,1.167645621,0.17,-0.773238731,0.351249462,0.279631675,0.113998983,17.98098171,1.458814548,,,
313,5.2,1.156527849,0.17,-0.776188344,0.350220382,0.280273684,0.114461936,18.09885758,1.423790347,,,
314,5.21667,1.152637122,0.172387312,-0.778125158,0.350400715,0.279712683,0.115410455,18.23018071,1.388766147,,,
315,5.23333,1.156630445,0.177378965,-0.7789571,0.349141018,0.279872317,0.114892094,18.21486283,0.723306333,,,
316,5.25,1.155537714,0.18,-0.784350685,0.344542454,0.285987786,0.113406157,18.21896143,0.373064324,,,
317,5.26667,1.148821672,0.18,-0.794787778,0.338304667,0.298002903,0.110719825,18.12215609,0.758330534,,,
318,5.28333,1.147690848,0.18,-0.797521121,0.331868428,0.307574892,0.107809145,17.99665125,0.933451538,,,
319,5.3,1.152818637,0.18,-0.791621895,0.327840586,0.303160702,0.106118837,17.93626715,1.108572542,,,
320,5.31667,1.154058127,0.18,-0.782039763,0.323601761,0.296185666,0.104678747,17.92536487,1.108572542,,,
321,5.33333,1.150881621,0.18,-0.768274903,0.317506494,0.300278921,0.103247603,18.01362628,0.723306333,,,
322,5.35,1.150363181,0.18,-0.762737391,0.311683587,0.309725325,0.100634305,17.89388222,0.758330534,,,
323,5.36667,1.152904386,0.18,-0.766670208,0.307533877,0.319113418,0.098512074,17.76177855,1.03852414,,,
324,5.38333,1.153728183,0.184607679,-0.765716092,0.306674137,0.321703891,0.098060062,17.73184796,1.003499939,,,
325,5.4,1.152548338,0.194590985,-0.759060555,0.309539006,0.313388779,0.097610824,17.50228128,1.108572542,,,
326,5.41667,1.152117013,0.2,-0.752474326,0.3126181,0.306741433,0.09528202,16.95055445,1.633935551,,,
327,5.43333,1.1525708,0.2,-0.745970051,0.312443845,0.308194519,0.093201988,16.60984019,1.59891135,,,
328,5.45,1.150155562,0.195459098,-0.742424242,0.310427939,0.314000845,0.092537753,16.59918042,1.528862949,,,
329,5.46667,1.144301715,0.185475793,-0.742424242,0.304749998,0.318169772,0.091178093,16.65664703,1.423790347,,,
330,5.48333,1.143180756,0.18,-0.742014469,0.298648471,0.319346965,0.088199529,16.45339445,1.353741946,,,
331,5.5,1.147809379,0.18,-0.741106895,0.290072869,0.318469492,0.082921452,15.9533375,0.443112726,,,
332,5.51667,1.146865685,0.177762938,-0.735013406,0.279955767,0.305575557,0.073978281,14.80206168,0.933451538,,,
333,5.53333,1.139060555,0.172771285,-0.722534274,0.268764795,0.294794146,0.064397589,13.47437242,1.353741946,,,
334,5.55,1.131679314,0.172220367,-0.716379825,0.257188207,0.322632631,0.058778488,12.87343743,1.03852414,,,
335,5.56667,1.124827136,0.17721202,-0.71811934,0.248838089,0.327600622,0.055711689,12.61968817,1.108572542,,,
336,5.58333,1.12821202,0.177796327,-0.684566702,0.24166188,0.300488134,0.049695096,11.62025459,0.373064324,,,
337,5.6,1.144548338,0.172804674,-0.606364142,0.234079723,0.305268775,0.043941736,10.63190036,1.248669344,,,
338,5.61667,1.157663834,0.174373957,-0.492440937,0.228330652,0.349458671,0.042307604,10.49733599,1.213645144,,,
339,5.63333,1.166648809,0.184357262,-0.332708049,0.223729832,0.372728195,0.040909377,10.36215668,1.493838749,,,
340,5.65,1.180842465,0.183489149,-0.253505843,0.219155996,0.372824856,0.038165577,9.87887284,1.528862949,,,
341,5.66667,1.201807406,0.16851419,-0.278993525,0.21682474,0.384626322,0.036337699,9.513798401,1.213645144,,,
342,5.68333,1.209850812,0.166460768,-0.291265999,0.215390826,0.394156853,0.035642048,9.395942232,1.914129155,,,
343,5.7,1.200865837,0.181435726,-0.286123084,0.211321709,0.39770353,0.032042842,8.622115509,1.879104954,,,
344,5.71667,1.19605752,0.187863105,-0.289495371,0.203542023,0.401667518,0.027126422,7.591182222,2.47451636,,,
345,5.73333,1.196828957,0.182871452,-0.304243436,0.193179047,0.402552353,0.020014735,5.915148764,2.859782562,,,
346,5.75,1.197041433,0.18,-0.308101381,0.185059704,0.406479521,0.01471786,4.547181406,2.544564761,,,
347,5.76667,1.196496889,0.18,-0.297210502,0.1782936,0.414073937,0.01099906,3.530144096,3.735387562,,,
348,5.78333,1.198725148,0.177896494,-0.28794506,0.172217688,0.421408406,0.007081115,2.354517765,4.190702159,,,
349,5.8,1.20476051,0.172904841,-0.280911367,0.166609532,0.428700963,0.004284694,1.473149845,5.066307148,,,
350,5.81667,1.207172409,0.172086811,-0.299267213,0.161465134,0.435306389,0.000408203,0.144850165,5.416549141,,,
351,5.83333,1.204540446,0.177078464,-0.352965296,0.160009866,0.440586793,-0.00257195,0.92087575,5.381524942,,,
352,5.85,1.204957201,0.182070117,-0.411525016,0.158562843,0.442413699,-0.004663383,1.684601108,6.747468706,,,
353,5.86667,1.209676582,0.18706177,-0.47694592,0.162475794,0.444657022,-0.003048162,1.074783857,7.342880085,,,
354,5.88333,1.208366368,0.187946578,-0.510756564,0.167860981,0.447951548,7.51E-05,0.025625365,7.553025277,,,
355,5.9,1.198428441,0.182954925,-0.499336268,0.167255576,0.449954541,-6.11E-05,0.020919519,8.148436651,,,
356,5.91667,1.193656397,0.182036728,-0.488718318,0.160709918,0.451946314,-0.00278265,0.991962358,8.288533445,,,
357,5.93333,1.196379117,0.187028381,-0.479264431,0.151237307,0.456247798,-0.006778518,2.566302835,8.358581842,,,
358,5.95,1.205786311,0.1839399,-0.470575707,0.142872921,0.461787704,-0.012038023,4.81618646,8.743848023,,,
359,5.96667,1.225026863,0.168964942,-0.463012597,0.135818028,0.467926273,-0.016840866,7.068358347,9.584428776,,,
360,5.98333,1.226747306,0.168013356,-0.456086913,0.124813722,0.47465853,-0.023322131,10.58397849,9.549404579,,,
361,6,1.202333586,0.187979967,-0.450112055,0.119941104,0.480936283,-0.027217107,12.78508004,10.00471915,,,
362,6.01667,1.187058431,0.198013356,-0.447147266,0.119479383,0.48676329,-0.028547167,13.43773267,11.02042088,,,
363,6.03333,1.185606314,0.193021703,-0.448735519,0.119228391,0.493180803,-0.027967568,13.20127613,11.68588063,,,
364,6.05,1.192839885,0.18409015,-0.443428947,0.118978774,0.50204642,-0.027812732,13.15731985,11.68588063,,,
365,6.06667,1.213396418,0.169115192,-0.427546416,0.120179893,0.511482713,-0.027238307,12.77012294,11.72090483,,,
366,6.08333,1.217669904,0.163906511,-0.426046947,0.117864153,0.518603657,-0.02939239,14.00254302,12.31631618,,,
367,6.1,1.196614205,0.173889816,-0.446921131,0.112678009,0.522196614,-0.032789216,16.22495636,12.77163074,,,
368,6.11667,1.186297617,0.18,-0.457555016,0.107930713,0.526998273,-0.035959123,18.4264529,13.15689691,,,
369,6.13333,1.192922902,0.18,-0.452033945,0.103004264,0.534019546,-0.038488061,20.48845468,13.50713888,,,
370,6.15,1.197,0.18,-0.443574898,0.097695847,0.54039219,-0.042247671,23.38562521,13.33201789,,,
371,6.16667,1.197,0.18,-0.430415086,0.093841965,0.542872718,-0.045573414,25.90306528,13.64723566,,,
372,6.18333,1.197467142,0.18,-0.418552891,0.092040422,0.544732442,-0.047849965,27.46901432,14.17259861,,,
373,6.2,1.198692366,0.18,-0.408796479,0.09105901,0.546582222,-0.048057134,27.8232164,14.48781638,,,
374,6.21667,1.200312035,0.17245409,-0.398411241,0.091901587,0.54942924,-0.048058026,27.60638318,14.73298575,,,
375,6.23333,1.202580968,0.152487479,-0.386990945,0.097778343,0.553466424,-0.045194144,24.80685963,14.52284058,,,
376,6.25,1.199682501,0.147479132,-0.386081095,0.095985473,0.554276556,-0.045814877,25.51563419,15.57356646,,,
377,6.26667,1.188156321,0.167445743,-0.402719937,0.083175686,0.554083291,-0.050706743,31.36791377,15.18830031,,,
378,6.28333,1.1810944,0.18,-0.407061011,0.079831198,0.555883995,-0.052730702,33.44585905,15.11825191,,,
379,6.3,1.181593565,0.18,-0.39057343,0.079894536,0.557873991,-0.053529174,33.82200324,15.18830031,,,
380,6.31667,1.184263014,0.181836394,-0.37066348,0.079559739,0.559060547,-0.054323454,34.32529289,15.60859066,,,
381,6.33333,1.190661405,0.186828047,-0.344873274,0.079425075,0.561427269,-0.054307926,34.36287515,15.32839709,,,
382,6.35,1.194330247,0.19,-0.321013052,0.079884702,0.563189992,-0.053890706,34.00384177,15.92380842,,,
383,6.36667,1.19324116,0.19,-0.300517023,0.079355198,0.565140233,-0.053475659,33.97513172,15.50351807,,,
384,6.38333,1.188939445,0.191803005,-0.283818232,0.079615785,0.566884155,-0.053262611,33.78234902,15.60859066,,,
385,6.4,1.178956139,0.196794658,-0.273834927,0.080267671,0.568814721,-0.053648642,33.757648,15.60859066,,,
386,6.41667,1.173860829,0.203572621,-0.279089391,0.080328735,0.570540135,-0.053833869,33.82878768,15.64361485,,,
387,6.43333,1.1775365,0.213555927,-0.311686397,0.081170737,0.572256656,-0.053621545,33.44882771,15.32839709,,,
388,6.45,1.17854166,0.216460768,-0.322860323,0.08200841,0.573187664,-0.053608101,33.1722552,15.39844548,,,
389,6.46667,1.174684474,0.206477462,-0.295028077,0.082064541,0.57469492,-0.05458113,33.6278805,15.53854227,,,
390,6.48333,1.17199059,0.2,-0.281219204,0.083864715,0.576774001,-0.053778195,32.66999685,15.71366325,,,
391,6.5,1.171446046,0.2,-0.29332018,0.091068666,0.580383959,-0.050035242,28.78541657,15.36342129,,,
392,6.51667,1.171753832,0.2,-0.30807811,0.108263019,0.584552132,-0.042591614,21.47510807,14.03250183,,,
393,6.53333,1.173659736,0.2,-0.327817828,0.134410011,0.590041099,-0.030694377,12.86369393,13.43709048,,,
394,6.55,1.173580361,0.198280467,-0.329398239,0.163494242,0.594737386,-0.017104327,5.972404278,12.73660655,,,
395,6.56667,1.169723175,0.193288815,-0.296423079,0.183820054,0.600745128,-0.009023082,2.810193289,12.70158235,,,
396,6.58333,1.167073456,0.191702838,-0.27694162,0.183427857,0.605771311,-0.008734642,2.726305572,12.80665494,,,
397,6.6,1.166755805,0.196694491,-0.283521526,0.175230999,0.612290484,-0.012313961,4.019722793,12.0711468,,,
398,6.61667,1.16669874,0.198313856,-0.28149188,0.175622009,0.616694621,-0.013368536,4.353021492,11.58080804,,,
399,6.63333,1.167152527,0.193322204,-0.262584105,0.171653629,0.615034117,-0.01403314,4.67368857,11.51075965,,,
400,6.65,1.165785096,0.19,-0.25037942,0.162791532,0.617337476,-0.017380599,6.094154719,11.61583224,,,
401,6.66667,1.160793444,0.19,-0.251513887,0.151334368,0.613992603,-0.023199497,8.715568168,11.79095322,,,
402,6.68333,1.157063894,0.19,-0.248942176,0.143130801,0.608415214,-0.02631668,10.41830171,11.89602582,,,
403,6.7,1.155884049,0.19,-0.23888324,0.13984487,0.603426323,-0.026942655,10.90504769,11.79095322,,,
404,6.71667,1.155373501,0.19,-0.236186574,0.134891134,0.599394572,-0.028325434,11.85908605,12.31631618,,,
405,6.73333,1.156235696,0.19,-0.248590074,0.127721954,0.597429136,-0.03083844,13.57425065,12.21124359,,,
406,6.75,1.157657308,0.191619366,-0.257116912,0.125242884,0.596030111,-0.03144869,14.09563311,12.21124359,,,
407,6.76667,1.160243891,0.196611018,-0.257570699,0.130205521,0.592971779,-0.02922729,12.65150042,12.21124359,,,
408,6.78333,1.161679466,0.198397329,-0.257101735,0.138664302,0.59122114,-0.024759358,10.12382081,11.89602582,,,
409,6.8,1.160681135,0.193405676,-0.25468154,0.146712154,0.591873982,-0.021439164,8.313832903,11.16051767,,,
410,6.81667,1.160086508,0.188414023,-0.256851065,0.153061396,0.594728983,-0.019445534,7.240298591,10.53008212,,,
411,6.83333,1.16035878,0.183422371,-0.26887641,0.157356525,0.598303452,-0.019329045,7.002903003,9.829598162,,,
412,6.85,1.161187434,0.18,-0.274481965,0.159245482,0.599848843,-0.019026826,6.813463143,9.339259391,,,
413,6.86667,1.163229473,0.18,-0.266086913,0.158196561,0.60083943,-0.0192836,6.949865706,7.903267262,,,
414,6.88333,1.164212931,0.18,-0.259479688,0.151674517,0.604009323,-0.022320084,8.37143525,6.327178319,,,
415,6.9,1.162851571,0.18,-0.2568326,0.147005499,0.608616529,-0.024787116,9.570820194,4.540944155,,,
416,6.91667,1.16143436,0.18,-0.260212728,0.139632923,0.611571434,-0.030747955,12.41865562,3.350121363,,,
417,6.93333,1.159891486,0.18,-0.277154095,0.124499921,0.611440295,-0.039625327,17.65502008,2.964855163,,,
418,6.95,1.157699499,0.175442404,-0.284888198,0.109981742,0.611129512,-0.047174939,23.2161519,2.579588961,,,
419,6.96667,1.154023828,0.160467446,-0.271577123,0.101847818,0.608302451,-0.05175757,26.93901077,2.089250157,,,
420,6.98333,1.152246775,0.153005008,-0.263661405,0.098612629,0.60620647,-0.053028855,28.26910283,2.299395359,,,
421,7,1.154878737,0.162988314,-0.268274903,0.098266003,0.612353853,-0.053017867,28.3483779,1.739008152,,,
422,7.01667,1.159712399,0.17148581,-0.272235544,0.101862369,0.619186427,-0.051006138,26.59876942,2.054225956,,,
423,7.03333,1.169741084,0.176477462,-0.274655739,0.108301449,0.627946349,-0.0490039,24.34565142,1.668959751,,,
424,7.05,1.174801487,0.17706177,-0.27689786,0.114175299,0.637553669,-0.047192117,22.45679347,1.739008152,,,
425,7.06667,1.167949309,0.167078464,-0.278713007,0.120199463,0.643037823,-0.045208232,20.61178721,1.739008152,,,
426,7.08333,1.163262559,0.162904841,-0.276589012,0.126017937,0.64531224,-0.044855315,19.59287629,1.283693545,,,
427,7.1,1.163852481,0.172888147,-0.264866191,0.131278043,0.651987989,-0.044504047,18.72696831,1.59891135,,,
428,7.11667,1.164781757,0.181435726,-0.255166439,0.135807039,0.664090695,-0.043795724,17.87372956,1.458814548,,,
429,7.13333,1.166551525,0.186427379,-0.250477311,0.138552611,0.674731847,-0.043806413,17.54547957,1.528862949,,,
430,7.15,1.165470329,0.188580968,-0.24703521,0.140406307,0.681468121,-0.046673276,18.38762235,1.003499939,,,
431,7.16667,1.157211413,0.183589316,-0.246732686,0.142602261,0.684851165,-0.047567757,18.44712343,1.423790347,,,
432,7.18333,1.153669449,0.18,-0.249957252,0.146013177,0.685601974,-0.04774735,18.10811376,1.879104954,,,
433,7.2,1.162200637,0.18,-0.262209491,0.146963811,0.685827208,-0.048635235,18.31110481,2.40446796,,,
434,7.21667,1.167507057,0.18,-0.27061972,0.143903238,0.68796143,-0.051464635,19.67875758,1.809056553,,,
435,7.23333,1.164421308,0.18,-0.269031467,0.140856705,0.691818265,-0.053398722,20.76169846,2.754709962,,,
436,7.25,1.161348004,0.178631052,-0.264974958,0.139384831,0.694101854,-0.053387264,20.95787013,3.315097163,,,
437,7.26667,1.158307634,0.173639399,-0.254386604,0.138784763,0.691891336,-0.05355152,21.09961798,3.525242363,,,
438,7.28333,1.153324935,0.17,-0.248408206,0.138532675,0.687454155,-0.054065549,21.31935427,4.365823157,,,
439,7.3,1.143114737,0.17,-0.254836849,0.139831808,0.684582131,-0.053702929,21.00947285,4.295774758,,,
440,7.31667,1.135466383,0.171335559,-0.26632443,0.14129689,0.686005035,-0.051597293,20.06064384,5.48659754,,,
441,7.33333,1.134831082,0.176327212,-0.291660849,0.144469854,0.688788609,-0.048108614,18.4178127,5.90688793,,,
442,7.35,1.136593717,0.178681135,-0.306486316,0.149681265,0.687467548,-0.043072579,16.05380737,6.887565501,,,
443,7.36667,1.145034148,0.173689482,-0.292040775,0.157770743,0.681559229,-0.03736608,13.32429927,7.833218865,,,
444,7.38333,1.152539384,0.172604341,-0.28351419,0.167356523,0.678902459,-0.03082074,10.43479538,7.938291461,,,
445,7.4,1.157394901,0.182587646,-0.29175798,0.175709922,0.679983434,-0.02447726,7.930548305,8.848920617,,,
446,7.41667,1.160941569,0.188714524,-0.298034603,0.181652477,0.680383664,-0.019883406,6.246641433,9.584428776,,,
447,7.43333,1.160714676,0.183722871,-0.298639652,0.185031178,0.681456507,-0.0171992,5.310553954,10.00471915,,,
448,7.45,1.160856883,0.18,-0.298764102,0.188732385,0.68403859,-0.014698308,4.453155263,10.7402273,,,
449,7.46667,1.162082107,0.18,-0.297478373,0.193427561,0.688287704,-0.011182671,3.308770687,9.899646558,,,
450,7.48333,1.162396722,0.18,-0.273636111,0.198101917,0.691010669,-0.009047405,2.614907468,10.53008212,,,
451,7.5,1.159991653,0.18,-0.182425001,0.201414325,0.692050507,-0.008113129,2.306672521,11.54578384,,,
452,7.51667,1.160057368,0.177529215,-0.085766935,0.204879396,0.689584235,-0.006673444,1.865610038,12.52646136,,,
453,7.53333,1.167635605,0.16754591,0.027452825,0.208329203,0.688293429,-0.00422328,1.161349278,13.2619695,,,
454,7.55,1.171181059,0.16,0.112697931,0.211264188,0.688336346,-0.001952983,0.529642542,13.36704209,,,
455,7.56667,1.162241463,0.16,0.111336571,0.213022988,0.689041643,-0.00104246,0.280383322,13.89240504,,,
456,7.58333,1.157049932,0.158797997,0.132813275,0.214442443,0.690404972,-0.000809353,0.216245984,13.85738084,,,
457,7.6,1.163675216,0.153806344,0.226293317,0.217841241,0.691432509,0.001102638,0.290009158,14.48781638,,,
458,7.61667,1.167110942,0.153555927,0.295259018,0.222215836,0.69229101,0.002671049,0.688666011,14.55786477,,,
459,7.63333,1.160304143,0.168530885,0.285502605,0.226900896,0.693474182,0.003898122,0.9842358,14.55786477,,,
460,7.65,1.155568979,0.181168614,0.282970355,0.232058785,0.694816066,0.005453666,1.346273158,13.85738084,,,
461,7.66667,1.157611018,0.186160267,0.304071432,0.236866287,0.696152142,0.006835939,1.653092056,14.38274379,,,
462,7.68333,1.161401882,0.19,0.315084484,0.240998323,0.697319308,0.008378418,1.991112291,14.76800995,,,
463,7.7,1.171022158,0.19,0.292470785,0.24445926,0.698807015,0.009250976,2.167187652,15.15327611,,,
464,7.71667,1.180983002,0.19,0.273021956,0.245949661,0.702724864,0.008961552,2.086736195,15.2583487,,,
465,7.73333,1.192100774,0.19,0.264324379,0.248734634,0.708733036,0.009003582,2.073061313,15.50351807,,,
466,7.75,1.199385036,0.188881469,0.257829969,0.253292683,0.713421554,0.009210186,2.082461991,15.18830031,,,
467,7.76667,1.193395052,0.183889816,0.258964436,0.257183548,0.717767246,0.008429502,1.877266437,15.18830031,,,
468,7.78333,1.192543633,0.18,0.231734962,0.25750304,0.725798571,0.005683545,1.26441332,15.32839709,,,
469,7.8,1.209832903,0.18,0.104372186,0.25572509,0.735081384,0.00245817,0.550741433,15.11825191,,,
470,7.81667,1.2222489,0.182170284,-0.003096322,0.253954689,0.739193043,-0.001406924,0.317418831,15.32839709,,,
471,7.83333,1.217121111,0.192153589,-0.038945465,0.249301819,0.743127252,-0.005418648,1.245144515,15.60859066,,,
472,7.85,1.21343087,0.2,-0.070779835,0.239381545,0.752953308,-0.009738735,2.329673605,15.18830031,,,
473,7.86667,1.215019123,0.2,-0.087872464,0.224546956,0.763853367,-0.016150749,4.113967834,13.96245343,,,
474,7.88333,1.217133252,0.2,-0.101969191,0.20722219,0.767869829,-0.024641479,6.781387433,12.66655815,,,
475,7.9,1.221217332,0.2,-0.104843173,0.199204093,0.76806104,-0.03131852,8.934805873,10.7752515,,,
476,7.91667,1.225066171,0.2,-0.111120302,0.198845422,0.772210189,-0.034257691,9.775130834,9.584428776,,,
477,7.93333,1.228015784,0.2,-0.130406233,0.190561321,0.782188656,-0.036379758,10.80819314,7.447952681,,,
478,7.95,1.230613598,0.2,-0.151080842,0.174559634,0.794648474,-0.042187347,13.58664323,5.941912129,,,
479,7.96667,1.231838822,0.2,-0.177173572,0.155940694,0.826254286,-0.050375099,17.90253752,5.171379746,,,
480,7.98333,1.230140993,0.198998331,-0.20161203,0.142283217,0.855059124,-0.057249146,21.91790637,4.681040954,,,
481,8,1.216799666,0.194006678,-0.21946097,0.136858002,0.855537185,-0.06010403,23.70967578,4.08562956,,,
482,8.01667,1.209323418,0.189015025,-0.225206658,0.138829432,0.824580376,-0.061672732,23.952412,3.245048763,,,
483,8.03333,1.225705115,0.184023372,-0.181718774,0.142828168,0.783919744,-0.060850462,23.07592726,2.964855163,,,
484,8.05,1.236752466,0.18096828,-0.151625436,0.144154156,0.771303826,-0.058921116,22.23164361,3.104951963,,,
485,8.06667,1.225634694,0.185959933,-0.177188749,0.144539115,0.773659877,-0.059691009,22.43939084,3.139976163,,,
486,8.08333,1.213963272,0.19,-0.19871503,0.147256623,0.775696057,-0.059667807,22.05759857,3.139976163,,,
487,8.1,1.199941266,0.19,-0.203101634,0.151205314,0.778188232,-0.057437419,20.79996969,2.614613161,,,
488,8.11667,1.18953134,0.188130217,-0.204641068,0.154982882,0.780515751,-0.056160196,19.91868639,2.264371159,,,
489,8.13333,1.194795265,0.178146912,-0.193825821,0.157353127,0.78175473,-0.058813673,20.49416947,2.299395359,,,
490,8.15,1.198623463,0.172754591,-0.188185865,0.157861624,0.784680843,-0.058635747,20.37689129,2.299395359,,,
491,8.16667,1.196082258,0.187729549,-0.205505388,0.157597918,0.788976757,-0.062368074,21.59077332,2.229346958,,,
492,8.18333,1.191541357,0.198196995,-0.219819902,0.155490702,0.792948823,-0.067801964,23.55968405,2.089250157,,,
493,8.2,1.177927758,0.188213689,-0.220500582,0.150323942,0.795834506,-0.072902357,25.87191802,1.59891135,,,
494,8.21667,1.168553195,0.179115192,-0.215389791,0.143494026,0.791536731,-0.080935378,29.42443633,1.668959751,,,
495,8.23333,1.178854151,0.174123539,-0.183397835,0.139594568,0.777205555,-0.085368246,31.44762845,1.914129155,,,
496,8.25,1.186748065,0.171736227,-0.161836394,0.136320714,0.761716231,-0.090402508,33.55076442,1.739008152,,,
497,8.26667,1.183208529,0.181719533,-0.189819902,0.130320918,0.745682424,-0.095880043,36.34275719,1.739008152,,,
498,8.28333,1.179583852,0.19,-0.21243689,0.12024477,0.761954321,-0.101798187,40.25096444,1.213645144,,,
499,8.3,1.175545151,0.19,-0.208957859,0.109754238,0.786016537,-0.107538779,44.41584825,1.213645144,,,
500,8.31667,1.173578085,0.188330551,-0.203695553,0.102330793,0.806364361,-0.11371717,48.0168686,1.739008152,,,
501,8.33333,1.181927758,0.178347245,-0.189552537,0.098559941,0.827684363,-0.116345827,49.73109268,1.914129155,,,
502,8.35,1.186283958,0.17081803,-0.177132342,0.099625169,0.83750709,-0.116057768,49.35687301,1.949153355,,,
503,8.36667,1.170265291,0.175809683,-0.173502049,0.102941571,0.84144604,-0.114396932,48.01712347,1.703983952,,,
504,8.38333,1.157036728,0.18,-0.170928062,0.104143966,0.842976273,-0.115332718,47.91836812,1.318717746,,,
505,8.4,1.158398088,0.18,-0.173877675,0.099500745,0.84211207,-0.119762056,50.27950996,1.984177556,,,
506,8.41667,1.161892245,0.181569282,-0.178170689,0.092932727,0.841698216,-0.125084448,53.38913216,2.159298558,,,
507,8.43333,1.176821824,0.191552588,-0.189666616,0.087882327,0.842772856,-0.128416961,55.61415782,2.159298558,,,
508,8.45,1.186983154,0.198464107,-0.197218091,0.084489486,0.84503043,-0.128864373,56.74928469,1.844080754,,,
509,8.46667,1.170919108,0.188480801,-0.183075075,0.081258541,0.845353805,-0.130366064,58.06427828,1.178620943,,,
510,8.48333,1.158078616,0.18,-0.167418172,0.078188541,0.844049964,-0.133216977,59.59020857,1.283693545,,,
511,8.5,1.163433298,0.18,-0.143216219,0.075426555,0.842603692,-0.136357298,61.05065898,1.528862949,,,
512,8.51667,1.168701169,0.180734558,-0.123521779,0.07356167,0.843077144,-0.136785744,61.7291893,2.36944376,,,
513,8.53333,1.173465928,0.18572621,-0.129950422,0.071409172,0.845165213,-0.135865332,62.27412826,2.719685762,,,
514,8.55,1.177336622,0.189282137,-0.133431477,0.069412182,0.845925184,-0.134799097,62.75467483,2.509540561,,,
515,8.56667,1.175884504,0.184290484,-0.119364092,0.068304112,0.8412661,-0.135377179,63.22692187,3.210024563,,,
516,8.58333,1.174100926,0.180701169,-0.105817271,0.06676059,0.835894548,-0.135655387,63.79664584,3.210024563,,,
517,8.6,1.170289118,0.185692821,-0.09545581,0.065515621,0.832001898,-0.134298669,63.99524987,3.490218163,,,
518,8.61667,1.166931553,0.189315526,-0.085519553,0.06398342,0.827978713,-0.132354196,64.1996836,4.08562956,,,
519,8.63333,1.166432387,0.184323873,-0.078258967,0.063914448,0.821065895,-0.129677399,63.7625712,4.786113552,,,
520,8.65,1.16399059,0.18,-0.073497496,0.063700287,0.81185999,-0.128487644,63.62917702,5.766791134,,,
521,8.66667,1.148970253,0.18,-0.084917792,0.063341772,0.805293935,-0.125533722,63.22541422,6.29215412,,,
522,8.68333,1.137720291,0.18,-0.093605504,0.063998911,0.801930275,-0.119501747,61.82881731,6.9225897,,,
523,8.7,1.151606162,0.18,-0.084075985,0.061182635,0.793678473,-0.116429417,62.27846873,7.693122071,,,
524,8.71667,1.161876005,0.178731219,-0.072287651,0.061841383,0.782436795,-0.114980858,61.72682829,8.113412453,,,
525,8.73333,1.147309455,0.168747913,-0.044984823,0.058031418,0.766499114,-0.115878173,63.39843773,9.514380381,,,
526,8.75,1.135898771,0.159382304,-0.020845348,0.05380452,0.753775088,-0.115020139,64.93058399,10.07476755,,,
527,8.76667,1.146835028,0.154390651,-0.019105833,0.051028887,0.746106166,-0.112853885,65.66905148,10.10979174,,,
528,8.78333,1.157918804,0.150601002,0.001738251,0.048550256,0.739894079,-0.110695821,66.31814791,10.42500952,,,
529,8.8,1.170080285,0.155592654,0.162151819,0.045652027,0.732850345,-0.107674888,67.02401415,10.53008212,,,
530,8.81667,1.178804978,0.159415693,0.308825315,0.044762719,0.724552925,-0.104665333,66.84482793,11.05544508,,,
531,8.83333,1.161606465,0.15442404,0.351859412,0.046298342,0.715576804,-0.101956338,65.57721571,10.88032409,,,
532,8.85,1.145992108,0.152838063,0.395719128,0.052093576,0.709043477,-0.096803527,61.71365404,10.95037249,,,
533,8.86667,1.142724844,0.177796327,0.446013811,0.049352334,0.698291206,-0.094839809,62.50862584,11.96607421,,,
534,8.88333,1.148227197,0.199449082,0.47562402,0.043221797,0.685602572,-0.093890116,65.28128158,11.79095322,,,
535,8.9,1.224417969,0.194457429,0.338504831,0.044890218,0.676343347,-0.089211826,63.28906048,12.17621939,,,
536,8.91667,1.298704963,0.188397329,0.212871452,0.048104746,0.667399922,-0.083691301,60.1102323,12.70158235,,,
537,8.93333,1.3571073,0.173422371,0.183072798,0.051025609,0.658630138,-0.078620328,57.01590828,12.63153396,,,
538,8.95,1.40984034,0.159482471,0.157829969,0.054779211,0.653116001,-0.073139937,53.16809476,12.52646136,,,
539,8.96667,1.41356139,0.154490818,0.171972985,0.068061762,0.653357182,-0.063262944,42.90725042,11.86100162,,,
540,8.98333,1.415971164,0.15,0.184537613,0.076252451,0.64815241,-0.055840159,36.21555734,12.49143717,,,
541,9,1.40662316,0.15,0.18294936,0.076722915,0.63739247,-0.053271229,34.77351201,12.28129199,,,
542,9.01667,1.394211868,0.15048414,0.177524662,0.07398175,0.626533059,-0.052270389,35.24238496,12.00109841,,,
543,9.03333,1.353280316,0.155475793,0.136381343,0.071111358,0.615574725,-0.050990362,35.64239544,12.42138877,,,
544,9.05,1.306934891,0.160934891,0.092865382,0.068112452,0.604240829,-0.049856207,36.20297292,12.35134038,,,
545,9.06667,1.208190924,0.170918197,0.026385643,0.070537492,0.595853555,-0.046612482,33.4574669,12.80665494,,,
546,9.08333,1.119326605,0.18,-0.034978752,0.075308848,0.590534829,-0.041833387,29.05177736,12.94675173,,,
547,9.1,1.12999059,0.18,-0.044810796,0.080339365,0.586200348,-0.037212135,24.85295022,13.12187271,,,
548,9.11667,1.140540143,0.179565943,-0.052742197,0.091011009,0.58477089,-0.029664675,18.05317221,11.61583224,,,
549,9.13333,1.149888147,0.17457429,-0.040716851,0.111150975,0.588015927,-0.017808069,9.102295663,11.47573545,,,
550,9.15,1.158500076,0.17,-0.030051095,0.126541668,0.588233358,-0.007530498,3.40565692,11.65085644,,,
551,9.16667,1.15904462,0.17,-0.034286437,0.149427287,0.596249581,0.005358116,2.053614097,10.21486434,,,
552,9.18333,1.159447109,0.169599332,-0.042249203,0.177163467,0.603280701,0.019034905,6.13248244,10.24988854,,,
553,9.2,1.158221885,0.164607679,-0.092922042,0.194129927,0.595016276,0.027662637,8.109794076,9.759549766,,,
554,9.21667,1.156026256,0.160767947,-0.138067992,0.200521422,0.586645537,0.031684496,8.97909958,9.654477172,,,
555,9.23333,1.142185764,0.170751252,-0.116891283,0.203209891,0.591074837,0.034584844,9.658776893,9.619452974,,,
556,9.25,1.129871149,0.180367279,-0.100511458,0.205344495,0.5820632,0.038027306,10.49162478,9.584428776,,,
557,9.26667,1.136768705,0.185358932,-0.14452876,0.204076221,0.563473062,0.039251278,10.88711109,9.234186796,,,
558,9.28333,1.143009713,0.189649416,-0.183993778,0.191424931,0.546570891,0.029322208,8.708796341,9.024041608,,,
559,9.3,1.140559265,0.184657763,-0.163195224,0.168940169,0.506394855,0.027122553,9.120738713,8.918969013,,,
560,9.31667,1.139420094,0.18,-0.145948045,0.148967058,0.480095279,0.026850799,10.21765639,8.638775428,,,
561,9.33333,1.156573228,0.18,-0.178242525,0.135267778,0.465850892,0.026306206,11.00522985,8.708823824,,,
562,9.35,1.173928214,0.18,-0.21079653,0.130500959,0.452462073,0.029726686,12.83239149,7.132734893,,,
563,9.36667,1.194257854,0.18,-0.24717509,0.135828365,0.442334892,0.036681894,15.11281285,5.801815333,,,
564,9.38333,1.213349977,0.178797997,-0.282679466,0.141539292,0.433580424,0.042931601,16.87356384,4.540944155,,,
565,9.4,1.213123084,0.158831386,-0.304536854,0.144016691,0.426858641,0.046304577,17.82375578,3.315097163,,,
566,9.41667,1.212300197,0.140851419,-0.325736328,0.142074791,0.422158789,0.047087435,18.33659502,2.159298558,,,
567,9.43333,1.201590833,0.155826377,-0.336022158,0.135603514,0.417342507,0.045564768,18.57310313,1.703983952,,,
568,9.45,1.191410836,0.17,-0.346214904,0.129154983,0.411746674,0.043912235,18.77785065,1.108572542,,,
569,9.46667,1.19059402,0.17,-0.354761218,0.122729078,0.404845339,0.041590592,18.72055965,1.248669344,,,
570,9.48333,1.189358324,0.169749583,-0.363444124,0.116989267,0.396777643,0.041028769,19.32604462,1.073548341,,,
571,9.5,1.180191835,0.16475793,-0.374713158,0.11219692,0.387021502,0.042217536,20.62035034,1.108572542,,,
572,9.51667,1.171473668,0.160233723,-0.385939697,0.108347078,0.376508495,0.044207804,22.19645502,0.793354735,,,
573,9.53333,1.171882076,0.165225376,-0.396301158,0.107019095,0.371822087,0.042572029,21.69258569,1.073548341,,,
574,9.55,1.172602216,0.169131886,-0.409881874,0.111758248,0.355723543,0.040808137,20.05949052,1.528862949,,,
575,9.56667,1.180180452,0.149165275,-0.494286184,0.120427897,0.344270562,0.047064904,21.34625222,1.353741946,,,
576,9.58333,1.186216118,0.130801336,-0.571211362,0.129855517,0.342413418,0.053700016,22.46688777,1.56388715,,,
577,9.6,1.155358628,0.150767947,-0.469260636,0.136890539,0.353761331,0.058581695,23.16828716,1.458814548,,,
578,9.61667,1.125349218,0.169816361,-0.369891992,0.143377727,0.367679122,0.064642463,24.2684366,1.248669344,,,
579,9.63333,1.117544089,0.164824708,-0.338126929,0.150365176,0.378423427,0.069753751,24.88638013,1.03852414,,,
580,9.65,1.110839278,0.159499165,-0.308456265,0.158372035,0.380550433,0.074185314,25.0995347,1.388766147,,,
581,9.66667,1.135933677,0.144524207,-0.339313755,0.163877413,0.373844996,0.077147465,25.2093329,1.353741946,,,
582,9.68333,1.159867051,0.130601002,-0.36827035,0.165724316,0.366126091,0.078251849,25.27578418,1.59891135,,,
583,9.7,1.146389589,0.150567613,-0.335975869,0.16600774,0.363089751,0.07908896,25.47393813,1.318717746,,,
584,9.71667,1.133239945,0.17,-0.304596044,0.166419736,0.365486656,0.080054729,25.68946582,1.739008152,,,
585,9.73333,1.132014722,0.17,-0.306486821,0.168123525,0.36761759,0.081804979,25.9464721,2.194322758,,,
586,9.75,1.130924419,0.170116861,-0.307903071,0.171887102,0.365494958,0.085122135,26.34558832,2.334419559,,,
587,9.76667,1.135462286,0.175108514,-0.289524713,0.180148679,0.35747052,0.089605655,26.44567604,2.929830963,,,
588,9.78333,1.139840795,0.179899833,-0.272081247,0.188253542,0.350371003,0.09407395,26.55218867,4.01558116,,,
589,9.8,1.136437396,0.17490818,-0.300291648,0.188624341,0.346880158,0.09487573,26.70183516,5.626694337,,,
590,9.81667,1.133078009,0.170083472,-0.328034097,0.187711628,0.344167956,0.09645591,27.19643517,6.29215412,,,
591,9.83333,1.132306572,0.175075125,-0.328260991,0.188594128,0.340189025,0.099070474,27.71341708,7.027662297,,,
592,9.85,1.131532706,0.179933222,-0.32833308,0.189345857,0.335586645,0.101286982,28.14371049,7.72814627,,,
593,9.86667,1.130579754,0.174941569,-0.316988415,0.189329586,0.332779994,0.101941692,28.29958078,8.323557643,,,
594,9.88333,1.12965321,0.17,-0.305627814,0.188676551,0.329728886,0.102076961,28.41408034,9.1641384,,,
595,9.9,1.13133222,0.17,-0.292694896,0.186499906,0.326307818,0.100533565,28.32707546,10.35496113,,,
596,9.91667,1.132944756,0.17,-0.279917792,0.183568931,0.324922539,0.09899534,28.33716656,11.02042088,,,
597,9.93333,1.12468584,0.17,-0.290279253,0.181408107,0.324299747,0.098620211,28.53015218,11.58080804,,,
598,9.95,1.116453483,0.169983306,-0.300590631,0.181531737,0.321661465,0.100173035,28.89083889,12.1411952,,,
599,9.96667,1.116135832,0.164991653,-0.295977134,0.183802096,0.319535529,0.102361846,29.11401881,12.66655815,,,
600,9.98333,1.115818182,0.16,-0.291363636,0.183543054,0.317165311,0.102623085,29.21054571,13.68225986,,,
